#
# There is insufficient memory for the Java Runtime Environment to continue.
# Native memory allocation (malloc) failed to allocate 1918416 bytes. Error detail: Chunk::new
# Possible reasons:
#   The system is out of physical RAM or swap space
#   This process is running with CompressedOops enabled, and the Java Heap may be blocking the growth of the native heap
# Possible solutions:
#   Reduce memory load on the system
#   Increase physical memory or swap space
#   Check if swap backing store is full
#   Decrease Java heap size (-Xmx/-Xms)
#   Decrease number of Java threads
#   Decrease Java thread stack sizes (-Xss)
#   Set larger code cache with -XX:ReservedCodeCacheSize=
#   JVM is running with Unscaled Compressed Oops mode in which the Java heap is
#     placed in the first 4GB address space. The Java Heap base address is the
#     maximum limit for the native heap growth. Please use -XX:HeapBaseMinAddress
#     to set the Java Heap base and to place the Java Heap above 4GB virtual address.
# This output file may be truncated or incomplete.
#
#  Out of Memory Error (arena.cpp:168), pid=5328, tid=5644
#
# JRE version: OpenJDK Runtime Environment (21.0.5) (build 21.0.5+-12932927-b750.29)
# Java VM: OpenJDK 64-Bit Server VM (21.0.5+-12932927-b750.29, mixed mode, tiered, compressed oops, compressed class ptrs, g1 gc, windows-amd64)
# No core dump will be written. Minidumps are not enabled by default on client versions of Windows
#

---------------  S U M M A R Y ------------

Command Line: --add-opens=java.base/java.util=ALL-UNNAMED --add-opens=java.base/java.lang=ALL-UNNAMED --add-opens=java.base/java.lang.invoke=ALL-UNNAMED --add-opens=java.prefs/java.util.prefs=ALL-UNNAMED --add-exports=jdk.compiler/com.sun.tools.javac.api=ALL-UNNAMED --add-exports=jdk.compiler/com.sun.tools.javac.util=ALL-UNNAMED --add-opens=java.base/java.nio.charset=ALL-UNNAMED --add-opens=java.base/java.net=ALL-UNNAMED --add-opens=java.base/java.util.concurrent.atomic=ALL-UNNAMED -Xmx2048m -Dfile.encoding=UTF-8 -Duser.country=PH -Duser.language=en -Duser.variant -javaagent:C:\Users\bryan\.gradle\wrapper\dists\gradle-8.10.2-bin\a04bxjujx95o3nb99gddekhwo\gradle-8.10.2\lib\agents\gradle-instrumentation-agent-8.10.2.jar org.gradle.launcher.daemon.bootstrap.GradleDaemon 8.10.2

Host: AMD Ryzen 5 7535HS with Radeon Graphics        , 12 cores, 7G,  Windows 11 , 64 bit Build 26100 (10.0.26100.3775)
Time: Sun May  4 23:08:27 2025 Malay Peninsula Standard Time elapsed time: 29.675166 seconds (0d 0h 0m 29s)

---------------  T H R E A D  ---------------

Current thread (0x0000025e09f094f0):  JavaThread "C2 CompilerThread1" daemon [_thread_in_native, id=5644, stack(0x000000a213300000,0x000000a213400000) (1024K)]


Current CompileTask:
C2:29675 12311   !   4       java.nio.file.FileTreeWalker::next (144 bytes)

Stack: [0x000000a213300000,0x000000a213400000]
Native frames: (J=compiled Java code, j=interpreted, Vv=VM code, C=native code)
V  [jvm.dll+0x6cfb29]
V  [jvm.dll+0x85ded3]
V  [jvm.dll+0x86042e]
V  [jvm.dll+0x860b13]
V  [jvm.dll+0x27e6b6]
V  [jvm.dll+0xbff6d]
V  [jvm.dll+0xc04a3]
V  [jvm.dll+0x3b5fc1]
V  [jvm.dll+0x381f97]
V  [jvm.dll+0x38140a]
V  [jvm.dll+0x247c62]
V  [jvm.dll+0x247231]
V  [jvm.dll+0x1c5ee4]
V  [jvm.dll+0x25697c]
V  [jvm.dll+0x254ec6]
V  [jvm.dll+0x3f0ce6]
V  [jvm.dll+0x806368]
V  [jvm.dll+0x6ce3fd]
C  [ucrtbase.dll+0x37b0]
C  [KERNEL32.DLL+0x2e8d7]
C  [ntdll.dll+0xb14fc]


---------------  P R O C E S S  ---------------

Threads class SMR info:
_java_thread_list=0x0000025e10d01c20, length=94, elements={
0x0000025e687f8380, 0x0000025e0506e5c0, 0x0000025e05071020, 0x0000025e05086910,
0x0000025e05087360, 0x0000025e05087db0, 0x0000025e0508c940, 0x0000025e05098d00,
0x0000025e05099ba0, 0x0000025e0520aa60, 0x0000025e0537d490, 0x0000025e06f49db0,
0x0000025e065d1c40, 0x0000025e06e72640, 0x0000025e07239850, 0x0000025e070f43a0,
0x0000025e070f98f0, 0x0000025e050f0df0, 0x0000025e067f6c00, 0x0000025e071c65c0,
0x0000025e071c6c50, 0x0000025e071c58a0, 0x0000025e071c5f30, 0x0000025e052a3dc0,
0x0000025e052a1660, 0x0000025e052a30a0, 0x0000025e052a1cf0, 0x0000025e052a4450,
0x0000025e052a5170, 0x0000025e052a2a10, 0x0000025e052a5800, 0x0000025e052a4ae0,
0x0000025e052a85f0, 0x0000025e052a7f60, 0x0000025e052a78d0, 0x0000025e09d8c430,
0x0000025e09d8de70, 0x0000025e09d8cac0, 0x0000025e09d8e500, 0x0000025e09d8b080,
0x0000025e09d8d7e0, 0x0000025e09d8d150, 0x0000025e09d8eb90, 0x0000025e09d8b710,
0x0000025e09d8f220, 0x0000025e09d8bda0, 0x0000025e09d8f8b0, 0x0000025e09d90c60,
0x0000025e09d8ff40, 0x0000025e09d91980, 0x0000025e09d912f0, 0x0000025e09d905d0,
0x0000025e09d92010, 0x0000025e09d926a0, 0x0000025e09a662d0, 0x0000025e09a66960,
0x0000025e09a63b70, 0x0000025e09a66ff0, 0x0000025e09a65c40, 0x0000025e09a67680,
0x0000025e09a655b0, 0x0000025e09a64200, 0x0000025e09a67d10, 0x0000025e09a64890,
0x0000025e09a683a0, 0x0000025e09a68a30, 0x0000025e09a69de0, 0x0000025e09f92b10,
0x0000025e09a69750, 0x0000025e09f094f0, 0x0000025e0a7b5190, 0x0000025e0a7b6540,
0x0000025e0a7b3de0, 0x0000025e0a7b3750, 0x0000025e0a7b5eb0, 0x0000025e0a7b4470,
0x0000025e0a7b4b00, 0x0000025e0a7b7260, 0x0000025e0a7b78f0, 0x0000025e0a7b8610,
0x0000025e0a7b7f80, 0x0000025e0a7b8ca0, 0x0000025e0a7b5820, 0x0000025e0a7ba050,
0x0000025e0a7b9330, 0x0000025e0a7bad70, 0x0000025e0a7b99c0, 0x0000025e0a7ba6e0,
0x0000025e10ea7220, 0x0000025e10ea6500, 0x0000025e10ea5e70, 0x0000025e10ea9980,
0x0000025e10eaa010, 0x0000025e10ea7f40
}

Java Threads: ( => current thread )
  0x0000025e687f8380 JavaThread "main"                              [_thread_blocked, id=22196, stack(0x000000a20dd00000,0x000000a20de00000) (1024K)]
  0x0000025e0506e5c0 JavaThread "Reference Handler"          daemon [_thread_blocked, id=20876, stack(0x000000a20e500000,0x000000a20e600000) (1024K)]
  0x0000025e05071020 JavaThread "Finalizer"                  daemon [_thread_blocked, id=2872, stack(0x000000a20e600000,0x000000a20e700000) (1024K)]
  0x0000025e05086910 JavaThread "Signal Dispatcher"          daemon [_thread_blocked, id=11772, stack(0x000000a20e700000,0x000000a20e800000) (1024K)]
  0x0000025e05087360 JavaThread "Attach Listener"            daemon [_thread_blocked, id=28436, stack(0x000000a20e800000,0x000000a20e900000) (1024K)]
  0x0000025e05087db0 JavaThread "Service Thread"             daemon [_thread_blocked, id=25864, stack(0x000000a20e900000,0x000000a20ea00000) (1024K)]
  0x0000025e0508c940 JavaThread "Monitor Deflation Thread"   daemon [_thread_blocked, id=4296, stack(0x000000a20ea00000,0x000000a20eb00000) (1024K)]
  0x0000025e05098d00 JavaThread "C2 CompilerThread0"         daemon [_thread_in_native, id=12904, stack(0x000000a20eb00000,0x000000a20ec00000) (1024K)]
  0x0000025e05099ba0 JavaThread "C1 CompilerThread0"         daemon [_thread_blocked, id=26732, stack(0x000000a20ec00000,0x000000a20ed00000) (1024K)]
  0x0000025e0520aa60 JavaThread "Common-Cleaner"             daemon [_thread_blocked, id=29500, stack(0x000000a20ed00000,0x000000a20ee00000) (1024K)]
  0x0000025e0537d490 JavaThread "Notification Thread"        daemon [_thread_blocked, id=30356, stack(0x000000a20ee00000,0x000000a20ef00000) (1024K)]
  0x0000025e06f49db0 JavaThread "Daemon health stats"               [_thread_blocked, id=24808, stack(0x000000a20f400000,0x000000a20f500000) (1024K)]
  0x0000025e065d1c40 JavaThread "Incoming local TCP Connector on port 60979"        [_thread_in_native, id=4256, stack(0x000000a20f500000,0x000000a20f600000) (1024K)]
  0x0000025e06e72640 JavaThread "Daemon periodic checks"            [_thread_blocked, id=20636, stack(0x000000a20f600000,0x000000a20f700000) (1024K)]
  0x0000025e07239850 JavaThread "Daemon"                            [_thread_blocked, id=24772, stack(0x000000a20f700000,0x000000a20f800000) (1024K)]
  0x0000025e070f43a0 JavaThread "Handler for socket connection from /127.0.0.1:60979 to /127.0.0.1:60982"        [_thread_in_native, id=9180, stack(0x000000a20f800000,0x000000a20f900000) (1024K)]
  0x0000025e070f98f0 JavaThread "Cancel handler"                    [_thread_blocked, id=21048, stack(0x000000a20f900000,0x000000a20fa00000) (1024K)]
  0x0000025e050f0df0 JavaThread "Daemon worker"                     [_thread_blocked, id=25556, stack(0x000000a20fa00000,0x000000a20fb00000) (1024K)]
  0x0000025e067f6c00 JavaThread "Asynchronous log dispatcher for DefaultDaemonConnection: socket connection from /127.0.0.1:60979 to /127.0.0.1:60982"        [_thread_blocked, id=24040, stack(0x000000a20fb00000,0x000000a20fc00000) (1024K)]
  0x0000025e071c65c0 JavaThread "Stdin handler"                     [_thread_blocked, id=29632, stack(0x000000a20fc00000,0x000000a20fd00000) (1024K)]
  0x0000025e071c6c50 JavaThread "Daemon client event forwarder"        [_thread_blocked, id=26088, stack(0x000000a20fd00000,0x000000a20fe00000) (1024K)]
  0x0000025e071c58a0 JavaThread "Cache worker for journal cache (C:\Users\bryan\.gradle\caches\journal-1)"        [_thread_blocked, id=28756, stack(0x000000a210400000,0x000000a210500000) (1024K)]
  0x0000025e071c5f30 JavaThread "File lock request listener"        [_thread_in_native, id=25416, stack(0x000000a210500000,0x000000a210600000) (1024K)]
  0x0000025e052a3dc0 JavaThread "Cache worker for file hash cache (C:\Users\bryan\.gradle\caches\8.10.2\fileHashes)"        [_thread_blocked, id=28432, stack(0x000000a210600000,0x000000a210700000) (1024K)]
  0x0000025e052a1660 JavaThread "Cache worker for file hash cache (C:\Users\bryan\AndroidStudioProjects\TrackED\.gradle\8.10.2\fileHashes)"        [_thread_blocked, id=23108, stack(0x000000a210700000,0x000000a210800000) (1024K)]
  0x0000025e052a30a0 JavaThread "Cache worker for Build Output Cleanup Cache (C:\Users\bryan\AndroidStudioProjects\TrackED\.gradle\buildOutputCleanup)"        [_thread_blocked, id=10616, stack(0x000000a210800000,0x000000a210900000) (1024K)]
  0x0000025e052a1cf0 JavaThread "File watcher server"        daemon [_thread_in_native, id=8016, stack(0x000000a210900000,0x000000a210a00000) (1024K)]
  0x0000025e052a4450 JavaThread "File watcher consumer"      daemon [_thread_blocked, id=11672, stack(0x000000a210a00000,0x000000a210b00000) (1024K)]
  0x0000025e052a5170 JavaThread "Cache worker for checksums cache (C:\Users\bryan\AndroidStudioProjects\TrackED\.gradle\8.10.2\checksums)"        [_thread_blocked, id=26660, stack(0x000000a210c00000,0x000000a210d00000) (1024K)]
  0x0000025e052a2a10 JavaThread "Cache worker for file content cache (C:\Users\bryan\.gradle\caches\8.10.2\fileContent)"        [_thread_blocked, id=25588, stack(0x000000a210d00000,0x000000a210e00000) (1024K)]
  0x0000025e052a5800 JavaThread "Cache worker for cache directory md-rule (C:\Users\bryan\.gradle\caches\8.10.2\md-rule)"        [_thread_blocked, id=27940, stack(0x000000a210e00000,0x000000a210f00000) (1024K)]
  0x0000025e052a4ae0 JavaThread "Cache worker for cache directory md-supplier (C:\Users\bryan\.gradle\caches\8.10.2\md-supplier)"        [_thread_blocked, id=13956, stack(0x000000a210f00000,0x000000a211000000) (1024K)]
  0x0000025e052a85f0 JavaThread "Unconstrained build operations"        [_thread_blocked, id=4992, stack(0x000000a210b00000,0x000000a210c00000) (1024K)]
  0x0000025e052a7f60 JavaThread "Unconstrained build operations Thread 2"        [_thread_blocked, id=14096, stack(0x000000a211000000,0x000000a211100000) (1024K)]
  0x0000025e052a78d0 JavaThread "Unconstrained build operations Thread 3"        [_thread_blocked, id=10204, stack(0x000000a211100000,0x000000a211200000) (1024K)]
  0x0000025e09d8c430 JavaThread "Unconstrained build operations Thread 4"        [_thread_blocked, id=21592, stack(0x000000a211200000,0x000000a211300000) (1024K)]
  0x0000025e09d8de70 JavaThread "Unconstrained build operations Thread 5"        [_thread_blocked, id=27612, stack(0x000000a211300000,0x000000a211400000) (1024K)]
  0x0000025e09d8cac0 JavaThread "Unconstrained build operations Thread 6"        [_thread_blocked, id=27724, stack(0x000000a211400000,0x000000a211500000) (1024K)]
  0x0000025e09d8e500 JavaThread "Unconstrained build operations Thread 7"        [_thread_blocked, id=30096, stack(0x000000a211500000,0x000000a211600000) (1024K)]
  0x0000025e09d8b080 JavaThread "Unconstrained build operations Thread 8"        [_thread_blocked, id=14768, stack(0x000000a211600000,0x000000a211700000) (1024K)]
  0x0000025e09d8d7e0 JavaThread "Unconstrained build operations Thread 9"        [_thread_blocked, id=23136, stack(0x000000a211700000,0x000000a211800000) (1024K)]
  0x0000025e09d8d150 JavaThread "Unconstrained build operations Thread 10"        [_thread_blocked, id=28148, stack(0x000000a211800000,0x000000a211900000) (1024K)]
  0x0000025e09d8eb90 JavaThread "Unconstrained build operations Thread 11"        [_thread_blocked, id=3272, stack(0x000000a211900000,0x000000a211a00000) (1024K)]
  0x0000025e09d8b710 JavaThread "Unconstrained build operations Thread 12"        [_thread_blocked, id=28804, stack(0x000000a211a00000,0x000000a211b00000) (1024K)]
  0x0000025e09d8f220 JavaThread "Unconstrained build operations Thread 13"        [_thread_blocked, id=26008, stack(0x000000a211b00000,0x000000a211c00000) (1024K)]
  0x0000025e09d8bda0 JavaThread "Unconstrained build operations Thread 14"        [_thread_blocked, id=29584, stack(0x000000a211c00000,0x000000a211d00000) (1024K)]
  0x0000025e09d8f8b0 JavaThread "Unconstrained build operations Thread 15"        [_thread_blocked, id=10812, stack(0x000000a211d00000,0x000000a211e00000) (1024K)]
  0x0000025e09d90c60 JavaThread "Unconstrained build operations Thread 16"        [_thread_blocked, id=15096, stack(0x000000a211e00000,0x000000a211f00000) (1024K)]
  0x0000025e09d8ff40 JavaThread "Unconstrained build operations Thread 17"        [_thread_blocked, id=3936, stack(0x000000a211f00000,0x000000a212000000) (1024K)]
  0x0000025e09d91980 JavaThread "Unconstrained build operations Thread 18"        [_thread_blocked, id=28860, stack(0x000000a212000000,0x000000a212100000) (1024K)]
  0x0000025e09d912f0 JavaThread "Unconstrained build operations Thread 19"        [_thread_blocked, id=16868, stack(0x000000a212100000,0x000000a212200000) (1024K)]
  0x0000025e09d905d0 JavaThread "Unconstrained build operations Thread 20"        [_thread_blocked, id=26688, stack(0x000000a212200000,0x000000a212300000) (1024K)]
  0x0000025e09d92010 JavaThread "Unconstrained build operations Thread 21"        [_thread_blocked, id=5296, stack(0x000000a212300000,0x000000a212400000) (1024K)]
  0x0000025e09d926a0 JavaThread "Unconstrained build operations Thread 22"        [_thread_blocked, id=12648, stack(0x000000a212400000,0x000000a212500000) (1024K)]
  0x0000025e09a662d0 JavaThread "Unconstrained build operations Thread 23"        [_thread_blocked, id=20464, stack(0x000000a212500000,0x000000a212600000) (1024K)]
  0x0000025e09a66960 JavaThread "Unconstrained build operations Thread 24"        [_thread_blocked, id=20944, stack(0x000000a212600000,0x000000a212700000) (1024K)]
  0x0000025e09a63b70 JavaThread "Unconstrained build operations Thread 25"        [_thread_blocked, id=30152, stack(0x000000a212700000,0x000000a212800000) (1024K)]
  0x0000025e09a66ff0 JavaThread "Unconstrained build operations Thread 26"        [_thread_blocked, id=20588, stack(0x000000a212800000,0x000000a212900000) (1024K)]
  0x0000025e09a65c40 JavaThread "Unconstrained build operations Thread 27"        [_thread_blocked, id=12548, stack(0x000000a212900000,0x000000a212a00000) (1024K)]
  0x0000025e09a67680 JavaThread "Unconstrained build operations Thread 28"        [_thread_blocked, id=10940, stack(0x000000a212a00000,0x000000a212b00000) (1024K)]
  0x0000025e09a655b0 JavaThread "Unconstrained build operations Thread 29"        [_thread_blocked, id=3452, stack(0x000000a212b00000,0x000000a212c00000) (1024K)]
  0x0000025e09a64200 JavaThread "Unconstrained build operations Thread 30"        [_thread_blocked, id=19516, stack(0x000000a212c00000,0x000000a212d00000) (1024K)]
  0x0000025e09a67d10 JavaThread "Unconstrained build operations Thread 31"        [_thread_blocked, id=2936, stack(0x000000a212d00000,0x000000a212e00000) (1024K)]
  0x0000025e09a64890 JavaThread "Unconstrained build operations Thread 32"        [_thread_blocked, id=29420, stack(0x000000a212e00000,0x000000a212f00000) (1024K)]
  0x0000025e09a683a0 JavaThread "Unconstrained build operations Thread 33"        [_thread_blocked, id=23356, stack(0x000000a212f00000,0x000000a213000000) (1024K)]
  0x0000025e09a68a30 JavaThread "jar transforms"                    [_thread_blocked, id=24836, stack(0x000000a213000000,0x000000a213100000) (1024K)]
  0x0000025e09a69de0 JavaThread "build event listener"              [_thread_blocked, id=11664, stack(0x000000a213100000,0x000000a213200000) (1024K)]
  0x0000025e09f92b10 JavaThread "Memory manager"                    [_thread_blocked, id=28748, stack(0x000000a213200000,0x000000a213300000) (1024K)]
  0x0000025e09a69750 JavaThread "jar transforms Thread 2"           [_thread_blocked, id=12928, stack(0x000000a213400000,0x000000a213500000) (1024K)]
=>0x0000025e09f094f0 JavaThread "C2 CompilerThread1"         daemon [_thread_in_native, id=5644, stack(0x000000a213300000,0x000000a213400000) (1024K)]
  0x0000025e0a7b5190 JavaThread "included builds"                   [_thread_blocked, id=27144, stack(0x000000a213500000,0x000000a213600000) (1024K)]
  0x0000025e0a7b6540 JavaThread "Execution worker"                  [_thread_blocked, id=28036, stack(0x000000a213600000,0x000000a213700000) (1024K)]
  0x0000025e0a7b3de0 JavaThread "Execution worker Thread 2"         [_thread_blocked, id=21004, stack(0x000000a213700000,0x000000a213800000) (1024K)]
  0x0000025e0a7b3750 JavaThread "Execution worker Thread 3"         [_thread_blocked, id=18516, stack(0x000000a213800000,0x000000a213900000) (1024K)]
  0x0000025e0a7b5eb0 JavaThread "Execution worker Thread 4"         [_thread_blocked, id=28740, stack(0x000000a213900000,0x000000a213a00000) (1024K)]
  0x0000025e0a7b4470 JavaThread "Execution worker Thread 5"         [_thread_blocked, id=24992, stack(0x000000a213a00000,0x000000a213b00000) (1024K)]
  0x0000025e0a7b4b00 JavaThread "Execution worker Thread 6"         [_thread_blocked, id=13052, stack(0x000000a213b00000,0x000000a213c00000) (1024K)]
  0x0000025e0a7b7260 JavaThread "Execution worker Thread 7"         [_thread_blocked, id=25484, stack(0x000000a213c00000,0x000000a213d00000) (1024K)]
  0x0000025e0a7b78f0 JavaThread "Execution worker Thread 8"         [_thread_blocked, id=11276, stack(0x000000a213d00000,0x000000a213e00000) (1024K)]
  0x0000025e0a7b8610 JavaThread "Execution worker Thread 9"         [_thread_blocked, id=14392, stack(0x000000a213e00000,0x000000a213f00000) (1024K)]
  0x0000025e0a7b7f80 JavaThread "Execution worker Thread 10"        [_thread_blocked, id=17600, stack(0x000000a213f00000,0x000000a214000000) (1024K)]
  0x0000025e0a7b8ca0 JavaThread "Execution worker Thread 11"        [_thread_blocked, id=22904, stack(0x000000a214000000,0x000000a214100000) (1024K)]
  0x0000025e0a7b5820 JavaThread "Cache worker for execution history cache (C:\Users\bryan\AndroidStudioProjects\TrackED\.gradle\8.10.2\executionHistory)"        [_thread_blocked, id=25808, stack(0x000000a214100000,0x000000a214200000) (1024K)]
  0x0000025e0a7ba050 JavaThread "Unconstrained build operations Thread 34"        [_thread_blocked, id=10516, stack(0x000000a214200000,0x000000a214300000) (1024K)]
  0x0000025e0a7b9330 JavaThread "Unconstrained build operations Thread 35"        [_thread_blocked, id=6344, stack(0x000000a214300000,0x000000a214400000) (1024K)]
  0x0000025e0a7bad70 JavaThread "Unconstrained build operations Thread 36"        [_thread_blocked, id=20012, stack(0x000000a214400000,0x000000a214500000) (1024K)]
  0x0000025e0a7b99c0 JavaThread "Unconstrained build operations Thread 37"        [_thread_blocked, id=28268, stack(0x000000a214500000,0x000000a214600000) (1024K)]
  0x0000025e0a7ba6e0 JavaThread "Unconstrained build operations Thread 38"        [_thread_blocked, id=29600, stack(0x000000a214600000,0x000000a214700000) (1024K)]
  0x0000025e10ea7220 JavaThread "Unconstrained build operations Thread 39"        [_thread_blocked, id=23860, stack(0x000000a214700000,0x000000a214800000) (1024K)]
  0x0000025e10ea6500 JavaThread "Unconstrained build operations Thread 40"        [_thread_blocked, id=29408, stack(0x000000a214800000,0x000000a214900000) (1024K)]
  0x0000025e10ea5e70 JavaThread "Unconstrained build operations Thread 41"        [_thread_blocked, id=23016, stack(0x000000a214900000,0x000000a214a00000) (1024K)]
  0x0000025e10ea9980 JavaThread "Unconstrained build operations Thread 42"        [_thread_blocked, id=25292, stack(0x000000a214a00000,0x000000a214b00000) (1024K)]
  0x0000025e10eaa010 JavaThread "Unconstrained build operations Thread 43"        [_thread_blocked, id=30192, stack(0x000000a214b00000,0x000000a214c00000) (1024K)]
  0x0000025e10ea7f40 JavaThread "Unconstrained build operations Thread 44"        [_thread_blocked, id=23232, stack(0x000000a214c00000,0x000000a214d00000) (1024K)]
Total: 94

Other Threads:
  0x0000025e05020800 VMThread "VM Thread"                           [id=22140, stack(0x000000a20e400000,0x000000a20e500000) (1024K)]
  0x0000025e00b1d670 WatcherThread "VM Periodic Task Thread"        [id=17640, stack(0x000000a20e300000,0x000000a20e400000) (1024K)]
  0x0000025e68853580 WorkerThread "GC Thread#0"                     [id=26216, stack(0x000000a20de00000,0x000000a20df00000) (1024K)]
  0x0000025e05758be0 WorkerThread "GC Thread#1"                     [id=30264, stack(0x000000a20ef00000,0x000000a20f000000) (1024K)]
  0x0000025e058beda0 WorkerThread "GC Thread#2"                     [id=29956, stack(0x000000a20f000000,0x000000a20f100000) (1024K)]
  0x0000025e05f951a0 WorkerThread "GC Thread#3"                     [id=21792, stack(0x000000a20f100000,0x000000a20f200000) (1024K)]
  0x0000025e05f95540 WorkerThread "GC Thread#4"                     [id=20492, stack(0x000000a20f200000,0x000000a20f300000) (1024K)]
  0x0000025e063b7760 WorkerThread "GC Thread#5"                     [id=19616, stack(0x000000a20f300000,0x000000a20f400000) (1024K)]
  0x0000025e052887a0 WorkerThread "GC Thread#6"                     [id=28692, stack(0x000000a20fe00000,0x000000a20ff00000) (1024K)]
  0x0000025e05288b40 WorkerThread "GC Thread#7"                     [id=11408, stack(0x000000a20ff00000,0x000000a210000000) (1024K)]
  0x0000025e068a0bb0 WorkerThread "GC Thread#8"                     [id=20932, stack(0x000000a210000000,0x000000a210100000) (1024K)]
  0x0000025e068a0f50 WorkerThread "GC Thread#9"                     [id=24776, stack(0x000000a210100000,0x000000a210200000) (1024K)]
  0x0000025e688652b0 ConcurrentGCThread "G1 Main Marker"            [id=28220, stack(0x000000a20df00000,0x000000a20e000000) (1024K)]
  0x0000025e68866460 WorkerThread "G1 Conc#0"                       [id=24432, stack(0x000000a20e000000,0x000000a20e100000) (1024K)]
  0x0000025e056d8040 WorkerThread "G1 Conc#1"                       [id=23348, stack(0x000000a210200000,0x000000a210300000) (1024K)]
  0x0000025e056d7560 WorkerThread "G1 Conc#2"                       [id=25376, stack(0x000000a210300000,0x000000a210400000) (1024K)]
  0x0000025e009ef960 ConcurrentGCThread "G1 Refine#0"               [id=26992, stack(0x000000a20e100000,0x000000a20e200000) (1024K)]
  0x0000025e009f1190 ConcurrentGCThread "G1 Service"                [id=20556, stack(0x000000a20e200000,0x000000a20e300000) (1024K)]
Total: 18

Threads with active compile tasks:
C2 CompilerThread0  29730 12360   !   4       com.google.common.collect.MapMakerInternalMap$Segment::put (298 bytes)
C2 CompilerThread1  29730 12311   !   4       java.nio.file.FileTreeWalker::next (144 bytes)
Total: 2

VM state: at safepoint (normal execution)

VM Mutex/Monitor currently owned by a thread:  ([mutex/lock_event])
[0x00007ffd3f9bd260] CodeCache_lock - owner thread: 0x0000025e05020800
[0x00007ffd3f9bd360] Threads_lock - owner thread: 0x0000025e05020800
[0x00007ffd3f9bd460] Heap_lock - owner thread: 0x0000025e688652b0

Heap address: 0x0000000080000000, size: 2048 MB, Compressed Oops mode: 32-bit

CDS archive(s) not mapped
Compressed class space mapped at: 0x0000000100000000-0x0000000140000000, reserved size: 1073741824
Narrow klass base: 0x0000000000000000, Narrow klass shift: 3, Narrow klass range: 0x140000000

GC Precious Log:
 CardTable entry size: 512
 Card Set container configuration: InlinePtr #cards 5 size 8 Array Of Cards #cards 12 size 40 Howl #buckets 4 coarsen threshold 1843 Howl Bitmap #cards 512 size 80 coarsen threshold 460 Card regions per heap region 1 cards per card region 2048
 CPUs: 12 total, 12 available
 Memory: 7381M
 Large Page Support: Disabled
 NUMA Support: Disabled
 Compressed Oops: Enabled (32-bit)
 Heap Region Size: 1M
 Heap Min Capacity: 8M
 Heap Initial Capacity: 116M
 Heap Max Capacity: 2G
 Pre-touch: Disabled
 Parallel Workers: 10
 Concurrent Workers: 3
 Concurrent Refinement Workers: 10
 Periodic GC: Disabled

Heap:
 garbage-first heap   total 168960K, used 118458K [0x0000000080000000, 0x0000000100000000)
  region size 1024K, 11 young (11264K), 4 survivors (4096K)
 Metaspace       used 108896K, committed 111040K, reserved 1179648K
  class space    used 14909K, committed 16000K, reserved 1048576K

Heap Regions: E=young(eden), S=young(survivor), O=old, HS=humongous(starts), HC=humongous(continues), CS=collection set, F=free, TAMS=top-at-mark-start, PB=parsable bottom
|   0|0x0000000080000000, 0x0000000080100000, 0x0000000080100000|100%| O|  |TAMS 0x0000000080100000| PB 0x0000000080000000| Untracked 
|   1|0x0000000080100000, 0x0000000080200000, 0x0000000080200000|100%| O|  |TAMS 0x0000000080200000| PB 0x0000000080100000| Untracked 
|   2|0x0000000080200000, 0x0000000080300000, 0x0000000080300000|100%|HS|  |TAMS 0x0000000080300000| PB 0x0000000080200000| Complete 
|   3|0x0000000080300000, 0x0000000080400000, 0x0000000080400000|100%|HC|  |TAMS 0x0000000080400000| PB 0x0000000080300000| Complete 
|   4|0x0000000080400000, 0x0000000080500000, 0x0000000080500000|100%|HC|  |TAMS 0x0000000080500000| PB 0x0000000080400000| Complete 
|   5|0x0000000080500000, 0x0000000080600000, 0x0000000080600000|100%|HC|  |TAMS 0x0000000080600000| PB 0x0000000080500000| Complete 
|   6|0x0000000080600000, 0x0000000080700000, 0x0000000080700000|100%| O|  |TAMS 0x0000000080700000| PB 0x0000000080600000| Untracked 
|   7|0x0000000080700000, 0x0000000080800000, 0x0000000080800000|100%| O|  |TAMS 0x0000000080800000| PB 0x0000000080700000| Untracked 
|   8|0x0000000080800000, 0x0000000080900000, 0x0000000080900000|100%| O|  |TAMS 0x0000000080900000| PB 0x0000000080800000| Untracked 
|   9|0x0000000080900000, 0x0000000080a00000, 0x0000000080a00000|100%|HS|  |TAMS 0x0000000080a00000| PB 0x0000000080900000| Complete 
|  10|0x0000000080a00000, 0x0000000080b00000, 0x0000000080b00000|100%| O|  |TAMS 0x0000000080b00000| PB 0x0000000080a00000| Untracked 
|  11|0x0000000080b00000, 0x0000000080c00000, 0x0000000080c00000|100%| O|  |TAMS 0x0000000080c00000| PB 0x0000000080b00000| Untracked 
|  12|0x0000000080c00000, 0x0000000080d00000, 0x0000000080d00000|100%| O|  |TAMS 0x0000000080d00000| PB 0x0000000080c00000| Untracked 
|  13|0x0000000080d00000, 0x0000000080e00000, 0x0000000080e00000|100%| O|  |TAMS 0x0000000080e00000| PB 0x0000000080d00000| Untracked 
|  14|0x0000000080e00000, 0x0000000080f00000, 0x0000000080f00000|100%| O|  |TAMS 0x0000000080f00000| PB 0x0000000080e00000| Untracked 
|  15|0x0000000080f00000, 0x0000000081000000, 0x0000000081000000|100%| O|  |TAMS 0x0000000081000000| PB 0x0000000080f00000| Untracked 
|  16|0x0000000081000000, 0x0000000081100000, 0x0000000081100000|100%| O|  |TAMS 0x0000000081100000| PB 0x0000000081000000| Untracked 
|  17|0x0000000081100000, 0x0000000081200000, 0x0000000081200000|100%| O|  |TAMS 0x0000000081200000| PB 0x0000000081100000| Untracked 
|  18|0x0000000081200000, 0x0000000081300000, 0x0000000081300000|100%| O|  |TAMS 0x0000000081300000| PB 0x0000000081200000| Untracked 
|  19|0x0000000081300000, 0x0000000081400000, 0x0000000081400000|100%| O|  |TAMS 0x0000000081400000| PB 0x0000000081300000| Untracked 
|  20|0x0000000081400000, 0x0000000081500000, 0x0000000081500000|100%| O|  |TAMS 0x0000000081500000| PB 0x0000000081400000| Untracked 
|  21|0x0000000081500000, 0x0000000081600000, 0x0000000081600000|100%| O|  |TAMS 0x0000000081600000| PB 0x0000000081600000| Untracked 
|  22|0x0000000081600000, 0x0000000081700000, 0x0000000081700000|100%| O|  |TAMS 0x0000000081700000| PB 0x0000000081700000| Untracked 
|  23|0x0000000081700000, 0x0000000081800000, 0x0000000081800000|100%| O|  |TAMS 0x0000000081800000| PB 0x0000000081800000| Updating 
|  24|0x0000000081800000, 0x0000000081900000, 0x0000000081900000|100%| O|  |TAMS 0x0000000081900000| PB 0x0000000081900000| Untracked 
|  25|0x0000000081900000, 0x0000000081a00000, 0x0000000081a00000|100%| O|  |TAMS 0x0000000081a00000| PB 0x0000000081a00000| Updating 
|  26|0x0000000081a00000, 0x0000000081b00000, 0x0000000081b00000|100%| O|  |TAMS 0x0000000081b00000| PB 0x0000000081b00000| Untracked 
|  27|0x0000000081b00000, 0x0000000081c00000, 0x0000000081c00000|100%| O|  |TAMS 0x0000000081c00000| PB 0x0000000081c00000| Updating 
|  28|0x0000000081c00000, 0x0000000081d00000, 0x0000000081d00000|100%| O|  |TAMS 0x0000000081d00000| PB 0x0000000081d00000| Updating 
|  29|0x0000000081d00000, 0x0000000081e00000, 0x0000000081e00000|100%| O|  |TAMS 0x0000000081e00000| PB 0x0000000081e00000| Untracked 
|  30|0x0000000081e00000, 0x0000000081f00000, 0x0000000081f00000|100%| O|  |TAMS 0x0000000081f00000| PB 0x0000000081f00000| Untracked 
|  31|0x0000000081f00000, 0x0000000082000000, 0x0000000082000000|100%| O|  |TAMS 0x0000000082000000| PB 0x0000000082000000| Untracked 
|  32|0x0000000082000000, 0x0000000082100000, 0x0000000082100000|100%| O|  |TAMS 0x0000000082100000| PB 0x0000000082100000| Untracked 
|  33|0x0000000082100000, 0x0000000082200000, 0x0000000082200000|100%| O|  |TAMS 0x0000000082200000| PB 0x0000000082200000| Untracked 
|  34|0x0000000082200000, 0x0000000082300000, 0x0000000082300000|100%| O|  |TAMS 0x0000000082300000| PB 0x0000000082300000| Untracked 
|  35|0x0000000082300000, 0x0000000082400000, 0x0000000082400000|100%| O|  |TAMS 0x0000000082400000| PB 0x0000000082400000| Untracked 
|  36|0x0000000082400000, 0x0000000082500000, 0x0000000082500000|100%| O|  |TAMS 0x0000000082500000| PB 0x0000000082500000| Untracked 
|  37|0x0000000082500000, 0x0000000082600000, 0x0000000082600000|100%| O|  |TAMS 0x0000000082600000| PB 0x0000000082600000| Untracked 
|  38|0x0000000082600000, 0x0000000082700000, 0x0000000082700000|100%| O|  |TAMS 0x0000000082700000| PB 0x0000000082700000| Untracked 
|  39|0x0000000082700000, 0x0000000082800000, 0x0000000082800000|100%| O|  |TAMS 0x0000000082800000| PB 0x0000000082800000| Untracked 
|  40|0x0000000082800000, 0x0000000082900000, 0x0000000082900000|100%| O|  |TAMS 0x0000000082900000| PB 0x0000000082900000| Untracked 
|  41|0x0000000082900000, 0x0000000082a00000, 0x0000000082a00000|100%| O|  |TAMS 0x0000000082a00000| PB 0x0000000082a00000| Updating 
|  42|0x0000000082a00000, 0x0000000082b00000, 0x0000000082b00000|100%| O|  |TAMS 0x0000000082b00000| PB 0x0000000082b00000| Updating 
|  43|0x0000000082b00000, 0x0000000082c00000, 0x0000000082c00000|100%|HS|  |TAMS 0x0000000082c00000| PB 0x0000000082b00000| Complete 
|  44|0x0000000082c00000, 0x0000000082d00000, 0x0000000082d00000|100%|HS|  |TAMS 0x0000000082d00000| PB 0x0000000082c00000| Complete 
|  45|0x0000000082d00000, 0x0000000082e00000, 0x0000000082e00000|100%|HC|  |TAMS 0x0000000082e00000| PB 0x0000000082d00000| Complete 
|  46|0x0000000082e00000, 0x0000000082f00000, 0x0000000082f00000|100%|HS|  |TAMS 0x0000000082f00000| PB 0x0000000082e00000| Complete 
|  47|0x0000000082f00000, 0x0000000083000000, 0x0000000083000000|100%|HS|  |TAMS 0x0000000083000000| PB 0x0000000082f00000| Complete 
|  48|0x0000000083000000, 0x0000000083100000, 0x0000000083100000|100%| O|  |TAMS 0x0000000083100000| PB 0x0000000083100000| Untracked 
|  49|0x0000000083100000, 0x0000000083200000, 0x0000000083200000|100%| O|  |TAMS 0x0000000083200000| PB 0x0000000083200000| Updating 
|  50|0x0000000083200000, 0x0000000083300000, 0x0000000083300000|100%|HS|  |TAMS 0x0000000083300000| PB 0x0000000083200000| Complete 
|  51|0x0000000083300000, 0x0000000083400000, 0x0000000083400000|100%| O|  |TAMS 0x0000000083400000| PB 0x0000000083400000| Untracked 
|  52|0x0000000083400000, 0x0000000083500000, 0x0000000083500000|100%| O|  |TAMS 0x0000000083500000| PB 0x0000000083500000| Updating 
|  53|0x0000000083500000, 0x0000000083600000, 0x0000000083600000|100%| O|  |TAMS 0x0000000083600000| PB 0x0000000083600000| Untracked 
|  54|0x0000000083600000, 0x0000000083700000, 0x0000000083700000|100%|HS|  |TAMS 0x0000000083700000| PB 0x0000000083600000| Complete 
|  55|0x0000000083700000, 0x0000000083800000, 0x0000000083800000|100%|HC|  |TAMS 0x0000000083800000| PB 0x0000000083700000| Complete 
|  56|0x0000000083800000, 0x0000000083900000, 0x0000000083900000|100%|HC|  |TAMS 0x0000000083900000| PB 0x0000000083800000| Complete 
|  57|0x0000000083900000, 0x0000000083a00000, 0x0000000083a00000|100%|HC|  |TAMS 0x0000000083a00000| PB 0x0000000083900000| Complete 
|  58|0x0000000083a00000, 0x0000000083b00000, 0x0000000083b00000|100%| O|  |TAMS 0x0000000083b00000| PB 0x0000000083b00000| Untracked 
|  59|0x0000000083b00000, 0x0000000083c00000, 0x0000000083c00000|100%| O|  |TAMS 0x0000000083c00000| PB 0x0000000083c00000| Untracked 
|  60|0x0000000083c00000, 0x0000000083d00000, 0x0000000083d00000|100%| O|  |TAMS 0x0000000083d00000| PB 0x0000000083d00000| Untracked 
|  61|0x0000000083d00000, 0x0000000083e00000, 0x0000000083e00000|100%| O|  |TAMS 0x0000000083e00000| PB 0x0000000083e00000| Untracked 
|  62|0x0000000083e00000, 0x0000000083f00000, 0x0000000083f00000|100%| O|  |TAMS 0x0000000083f00000| PB 0x0000000083f00000| Updating 
|  63|0x0000000083f00000, 0x0000000084000000, 0x0000000084000000|100%|HS|  |TAMS 0x0000000084000000| PB 0x0000000083f00000| Complete 
|  64|0x0000000084000000, 0x0000000084100000, 0x0000000084100000|100%|HC|  |TAMS 0x0000000084100000| PB 0x0000000084000000| Complete 
|  65|0x0000000084100000, 0x0000000084200000, 0x0000000084200000|100%|HS|  |TAMS 0x0000000084200000| PB 0x0000000084100000| Complete 
|  66|0x0000000084200000, 0x0000000084300000, 0x0000000084300000|100%| O|  |TAMS 0x0000000084300000| PB 0x0000000084300000| Untracked 
|  67|0x0000000084300000, 0x0000000084400000, 0x0000000084400000|100%| O|  |TAMS 0x0000000084400000| PB 0x0000000084400000| Untracked 
|  68|0x0000000084400000, 0x0000000084500000, 0x0000000084500000|100%| O|  |TAMS 0x0000000084500000| PB 0x0000000084500000| Untracked 
|  69|0x0000000084500000, 0x0000000084600000, 0x0000000084600000|100%| O|  |TAMS 0x0000000084600000| PB 0x0000000084600000| Untracked 
|  70|0x0000000084600000, 0x0000000084700000, 0x0000000084700000|100%| O|  |TAMS 0x0000000084600000| PB 0x0000000084600000| Untracked 
|  71|0x0000000084700000, 0x0000000084800000, 0x0000000084800000|100%| O|  |TAMS 0x0000000084800000| PB 0x0000000084800000| Updating 
|  72|0x0000000084800000, 0x0000000084900000, 0x0000000084900000|100%| O|  |TAMS 0x0000000084900000| PB 0x0000000084900000| Untracked 
|  73|0x0000000084900000, 0x0000000084a00000, 0x0000000084a00000|100%| O|  |TAMS 0x0000000084a00000| PB 0x0000000084a00000| Untracked 
|  74|0x0000000084a00000, 0x0000000084b00000, 0x0000000084b00000|100%| O|  |TAMS 0x0000000084b00000| PB 0x0000000084b00000| Untracked 
|  75|0x0000000084b00000, 0x0000000084c00000, 0x0000000084c00000|100%|HS|  |TAMS 0x0000000084c00000| PB 0x0000000084b00000| Complete 
|  76|0x0000000084c00000, 0x0000000084d00000, 0x0000000084d00000|100%|HC|  |TAMS 0x0000000084d00000| PB 0x0000000084c00000| Complete 
|  77|0x0000000084d00000, 0x0000000084e00000, 0x0000000084e00000|100%|HC|  |TAMS 0x0000000084e00000| PB 0x0000000084d00000| Complete 
|  78|0x0000000084e00000, 0x0000000084f00000, 0x0000000084f00000|100%|HC|  |TAMS 0x0000000084f00000| PB 0x0000000084e00000| Complete 
|  79|0x0000000084f00000, 0x0000000085000000, 0x0000000085000000|100%| O|  |TAMS 0x0000000085000000| PB 0x0000000085000000| Updating 
|  80|0x0000000085000000, 0x0000000085100000, 0x0000000085100000|100%| O|  |TAMS 0x0000000085100000| PB 0x0000000085100000| Untracked 
|  81|0x0000000085100000, 0x0000000085200000, 0x0000000085200000|100%| O|  |TAMS 0x0000000085200000| PB 0x0000000085200000| Untracked 
|  82|0x0000000085200000, 0x0000000085300000, 0x0000000085300000|100%| O|  |TAMS 0x0000000085300000| PB 0x0000000085300000| Untracked 
|  83|0x0000000085300000, 0x0000000085400000, 0x0000000085400000|100%| O|  |TAMS 0x0000000085300000| PB 0x0000000085300000| Untracked 
|  84|0x0000000085400000, 0x0000000085500000, 0x0000000085500000|100%| O|  |TAMS 0x0000000085500000| PB 0x0000000085500000| Updating 
|  85|0x0000000085500000, 0x0000000085600000, 0x0000000085600000|100%| O|  |TAMS 0x0000000085600000| PB 0x0000000085600000| Updating 
|  86|0x0000000085600000, 0x0000000085700000, 0x0000000085700000|100%| O|  |TAMS 0x0000000085700000| PB 0x0000000085700000| Updating 
|  87|0x0000000085700000, 0x0000000085800000, 0x0000000085800000|100%| O|  |TAMS 0x0000000085800000| PB 0x0000000085800000| Updating 
|  88|0x0000000085800000, 0x0000000085900000, 0x0000000085900000|100%| O|  |TAMS 0x0000000085800000| PB 0x0000000085800000| Untracked 
|  89|0x0000000085900000, 0x0000000085a00000, 0x0000000085a00000|100%| O|  |TAMS 0x0000000085a00000| PB 0x0000000085a00000| Updating 
|  90|0x0000000085a00000, 0x0000000085b00000, 0x0000000085b00000|100%| O|  |TAMS 0x0000000085b00000| PB 0x0000000085b00000| Untracked 
|  91|0x0000000085b00000, 0x0000000085c00000, 0x0000000085c00000|100%| O|  |TAMS 0x0000000085c00000| PB 0x0000000085c00000| Untracked 
|  92|0x0000000085c00000, 0x0000000085d00000, 0x0000000085d00000|100%| O|  |TAMS 0x0000000085d00000| PB 0x0000000085d00000| Untracked 
|  93|0x0000000085d00000, 0x0000000085e00000, 0x0000000085e00000|100%| O|  |TAMS 0x0000000085e00000| PB 0x0000000085e00000| Untracked 
|  94|0x0000000085e00000, 0x0000000085f00000, 0x0000000085f00000|100%| O|  |TAMS 0x0000000085f00000| PB 0x0000000085f00000| Untracked 
|  95|0x0000000085f00000, 0x0000000086000000, 0x0000000086000000|100%| O|  |TAMS 0x0000000086000000| PB 0x0000000086000000| Untracked 
|  96|0x0000000086000000, 0x0000000086100000, 0x0000000086100000|100%| O|  |TAMS 0x00000000860c36a0| PB 0x00000000860c36a0| Updating 
|  97|0x0000000086100000, 0x0000000086200000, 0x0000000086200000|100%| O|  |TAMS 0x0000000086100000| PB 0x0000000086100000| Untracked 
|  98|0x0000000086200000, 0x0000000086300000, 0x0000000086300000|100%| O|  |TAMS 0x0000000086200000| PB 0x0000000086200000| Untracked 
|  99|0x0000000086300000, 0x00000000863e6a00, 0x0000000086400000| 90%| O|  |TAMS 0x0000000086300000| PB 0x0000000086300000| Untracked 
| 100|0x0000000086400000, 0x0000000086400000, 0x0000000086500000|  0%| F|  |TAMS 0x0000000086400000| PB 0x0000000086400000| Untracked 
| 101|0x0000000086500000, 0x0000000086500000, 0x0000000086600000|  0%| F|  |TAMS 0x0000000086500000| PB 0x0000000086500000| Untracked 
| 102|0x0000000086600000, 0x0000000086600000, 0x0000000086700000|  0%| F|  |TAMS 0x0000000086600000| PB 0x0000000086600000| Untracked 
| 103|0x0000000086700000, 0x0000000086700000, 0x0000000086800000|  0%| F|  |TAMS 0x0000000086700000| PB 0x0000000086700000| Untracked 
| 104|0x0000000086800000, 0x0000000086800000, 0x0000000086900000|  0%| F|  |TAMS 0x0000000086800000| PB 0x0000000086800000| Untracked 
| 105|0x0000000086900000, 0x0000000086900000, 0x0000000086a00000|  0%| F|  |TAMS 0x0000000086900000| PB 0x0000000086900000| Untracked 
| 106|0x0000000086a00000, 0x0000000086a00000, 0x0000000086b00000|  0%| F|  |TAMS 0x0000000086a00000| PB 0x0000000086a00000| Untracked 
| 107|0x0000000086b00000, 0x0000000086b00000, 0x0000000086c00000|  0%| F|  |TAMS 0x0000000086b00000| PB 0x0000000086b00000| Untracked 
| 108|0x0000000086c00000, 0x0000000086c00000, 0x0000000086d00000|  0%| F|  |TAMS 0x0000000086c00000| PB 0x0000000086c00000| Untracked 
| 109|0x0000000086d00000, 0x0000000086d00000, 0x0000000086e00000|  0%| F|  |TAMS 0x0000000086d00000| PB 0x0000000086d00000| Untracked 
| 110|0x0000000086e00000, 0x0000000086e00000, 0x0000000086f00000|  0%| F|  |TAMS 0x0000000086e00000| PB 0x0000000086e00000| Untracked 
| 111|0x0000000086f00000, 0x0000000086f00000, 0x0000000087000000|  0%| F|  |TAMS 0x0000000086f00000| PB 0x0000000086f00000| Untracked 
| 112|0x0000000087000000, 0x00000000870c7fe0, 0x0000000087100000| 78%| S|CS|TAMS 0x0000000087000000| PB 0x0000000087000000| Complete 
| 113|0x0000000087100000, 0x0000000087100000, 0x0000000087200000|  0%| F|  |TAMS 0x0000000087100000| PB 0x0000000087100000| Untracked 
| 114|0x0000000087200000, 0x0000000087300000, 0x0000000087300000|100%| S|CS|TAMS 0x0000000087200000| PB 0x0000000087200000| Complete 
| 115|0x0000000087300000, 0x0000000087400000, 0x0000000087400000|100%| S|CS|TAMS 0x0000000087300000| PB 0x0000000087300000| Complete 
| 116|0x0000000087400000, 0x0000000087500000, 0x0000000087500000|100%| S|CS|TAMS 0x0000000087400000| PB 0x0000000087400000| Complete 
| 117|0x0000000087500000, 0x0000000087500000, 0x0000000087600000|  0%| F|  |TAMS 0x0000000087500000| PB 0x0000000087500000| Untracked 
| 118|0x0000000087600000, 0x0000000087600000, 0x0000000087700000|  0%| F|  |TAMS 0x0000000087600000| PB 0x0000000087600000| Untracked 
| 119|0x0000000087700000, 0x0000000087700000, 0x0000000087800000|  0%| F|  |TAMS 0x0000000087700000| PB 0x0000000087700000| Untracked 
| 120|0x0000000087800000, 0x0000000087800000, 0x0000000087900000|  0%| F|  |TAMS 0x0000000087800000| PB 0x0000000087800000| Untracked 
| 121|0x0000000087900000, 0x0000000087900000, 0x0000000087a00000|  0%| F|  |TAMS 0x0000000087900000| PB 0x0000000087900000| Untracked 
| 122|0x0000000087a00000, 0x0000000087a00000, 0x0000000087b00000|  0%| F|  |TAMS 0x0000000087a00000| PB 0x0000000087a00000| Untracked 
| 123|0x0000000087b00000, 0x0000000087b00000, 0x0000000087c00000|  0%| F|  |TAMS 0x0000000087b00000| PB 0x0000000087b00000| Untracked 
| 124|0x0000000087c00000, 0x0000000087c00000, 0x0000000087d00000|  0%| F|  |TAMS 0x0000000087c00000| PB 0x0000000087c00000| Untracked 
| 125|0x0000000087d00000, 0x0000000087d00000, 0x0000000087e00000|  0%| F|  |TAMS 0x0000000087d00000| PB 0x0000000087d00000| Untracked 
| 126|0x0000000087e00000, 0x0000000087e00000, 0x0000000087f00000|  0%| F|  |TAMS 0x0000000087e00000| PB 0x0000000087e00000| Untracked 
| 127|0x0000000087f00000, 0x0000000087f00000, 0x0000000088000000|  0%| F|  |TAMS 0x0000000087f00000| PB 0x0000000087f00000| Untracked 
| 128|0x0000000088000000, 0x0000000088000000, 0x0000000088100000|  0%| F|  |TAMS 0x0000000088000000| PB 0x0000000088000000| Untracked 
| 129|0x0000000088100000, 0x0000000088100000, 0x0000000088200000|  0%| F|  |TAMS 0x0000000088100000| PB 0x0000000088100000| Untracked 
| 130|0x0000000088200000, 0x0000000088200000, 0x0000000088300000|  0%| F|  |TAMS 0x0000000088200000| PB 0x0000000088200000| Untracked 
| 131|0x0000000088300000, 0x0000000088300000, 0x0000000088400000|  0%| F|  |TAMS 0x0000000088300000| PB 0x0000000088300000| Untracked 
| 132|0x0000000088400000, 0x0000000088400000, 0x0000000088500000|  0%| F|  |TAMS 0x0000000088400000| PB 0x0000000088400000| Untracked 
| 133|0x0000000088500000, 0x0000000088500000, 0x0000000088600000|  0%| F|  |TAMS 0x0000000088500000| PB 0x0000000088500000| Untracked 
| 134|0x0000000088600000, 0x0000000088600000, 0x0000000088700000|  0%| F|  |TAMS 0x0000000088600000| PB 0x0000000088600000| Untracked 
| 135|0x0000000088700000, 0x0000000088700000, 0x0000000088800000|  0%| F|  |TAMS 0x0000000088700000| PB 0x0000000088700000| Untracked 
| 136|0x0000000088800000, 0x0000000088800000, 0x0000000088900000|  0%| F|  |TAMS 0x0000000088800000| PB 0x0000000088800000| Untracked 
| 137|0x0000000088900000, 0x0000000088900000, 0x0000000088a00000|  0%| F|  |TAMS 0x0000000088900000| PB 0x0000000088900000| Untracked 
| 138|0x0000000088a00000, 0x0000000088a00000, 0x0000000088b00000|  0%| F|  |TAMS 0x0000000088a00000| PB 0x0000000088a00000| Untracked 
| 139|0x0000000088b00000, 0x0000000088b00000, 0x0000000088c00000|  0%| F|  |TAMS 0x0000000088b00000| PB 0x0000000088b00000| Untracked 
| 140|0x0000000088c00000, 0x0000000088c00000, 0x0000000088d00000|  0%| F|  |TAMS 0x0000000088c00000| PB 0x0000000088c00000| Untracked 
| 141|0x0000000088d00000, 0x0000000088d00000, 0x0000000088e00000|  0%| F|  |TAMS 0x0000000088d00000| PB 0x0000000088d00000| Untracked 
| 142|0x0000000088e00000, 0x0000000088e00000, 0x0000000088f00000|  0%| F|  |TAMS 0x0000000088e00000| PB 0x0000000088e00000| Untracked 
| 143|0x0000000088f00000, 0x0000000088f00000, 0x0000000089000000|  0%| F|  |TAMS 0x0000000088f00000| PB 0x0000000088f00000| Untracked 
| 144|0x0000000089000000, 0x0000000089000000, 0x0000000089100000|  0%| F|  |TAMS 0x0000000089000000| PB 0x0000000089000000| Untracked 
| 145|0x0000000089100000, 0x0000000089100000, 0x0000000089200000|  0%| F|  |TAMS 0x0000000089100000| PB 0x0000000089100000| Untracked 
| 146|0x0000000089200000, 0x0000000089200000, 0x0000000089300000|  0%| F|  |TAMS 0x0000000089200000| PB 0x0000000089200000| Untracked 
| 147|0x0000000089300000, 0x0000000089300000, 0x0000000089400000|  0%| F|  |TAMS 0x0000000089300000| PB 0x0000000089300000| Untracked 
| 148|0x0000000089400000, 0x0000000089400000, 0x0000000089500000|  0%| F|  |TAMS 0x0000000089400000| PB 0x0000000089400000| Untracked 
| 149|0x0000000089500000, 0x0000000089500000, 0x0000000089600000|  0%| F|  |TAMS 0x0000000089500000| PB 0x0000000089500000| Untracked 
| 150|0x0000000089600000, 0x0000000089600000, 0x0000000089700000|  0%| F|  |TAMS 0x0000000089600000| PB 0x0000000089600000| Untracked 
| 151|0x0000000089700000, 0x0000000089700000, 0x0000000089800000|  0%| F|  |TAMS 0x0000000089700000| PB 0x0000000089700000| Untracked 
| 152|0x0000000089800000, 0x00000000898b8678, 0x0000000089900000| 72%| E|  |TAMS 0x0000000089800000| PB 0x0000000089800000| Complete 
| 153|0x0000000089900000, 0x0000000089a00000, 0x0000000089a00000|100%| E|CS|TAMS 0x0000000089900000| PB 0x0000000089900000| Complete 
| 154|0x0000000089a00000, 0x0000000089b00000, 0x0000000089b00000|100%| E|CS|TAMS 0x0000000089a00000| PB 0x0000000089a00000| Complete 
| 155|0x0000000089b00000, 0x0000000089c00000, 0x0000000089c00000|100%| E|CS|TAMS 0x0000000089b00000| PB 0x0000000089b00000| Complete 
| 156|0x0000000089c00000, 0x0000000089d00000, 0x0000000089d00000|100%| E|CS|TAMS 0x0000000089c00000| PB 0x0000000089c00000| Complete 
| 157|0x0000000089d00000, 0x0000000089e00000, 0x0000000089e00000|100%| E|CS|TAMS 0x0000000089d00000| PB 0x0000000089d00000| Complete 
|2041|0x00000000ff900000, 0x00000000ffa00000, 0x00000000ffa00000|100%| O|  |TAMS 0x00000000ffa00000| PB 0x00000000ffa00000| Updating 
|2042|0x00000000ffa00000, 0x00000000ffb00000, 0x00000000ffb00000|100%| E|CS|TAMS 0x00000000ffa00000| PB 0x00000000ffa00000| Complete 
|2043|0x00000000ffb00000, 0x00000000ffc00000, 0x00000000ffc00000|100%| O|  |TAMS 0x00000000ffc00000| PB 0x00000000ffc00000| Untracked 
|2044|0x00000000ffc00000, 0x00000000ffd00000, 0x00000000ffd00000|100%| O|  |TAMS 0x00000000ffd00000| PB 0x00000000ffd00000| Updating 
|2045|0x00000000ffd00000, 0x00000000ffe00000, 0x00000000ffe00000|100%| O|  |TAMS 0x00000000ffe00000| PB 0x00000000ffe00000| Untracked 
|2046|0x00000000ffe00000, 0x00000000fff00000, 0x00000000fff00000|100%| O|  |TAMS 0x00000000fff00000| PB 0x00000000fff00000| Untracked 
|2047|0x00000000fff00000, 0x0000000100000000, 0x0000000100000000|100%| O|  |TAMS 0x0000000100000000| PB 0x0000000100000000| Untracked 

Card table byte_map: [0x0000025e7bab0000,0x0000025e7beb0000] _byte_map_base: 0x0000025e7b6b0000

Marking Bits: (CMBitMap*) 0x0000025e68853b90
 Bits: [0x0000025e7beb0000, 0x0000025e7deb0000)

Polling page: 0x0000025e66db0000

Metaspace:

Usage:
  Non-class:     91.78 MB used.
      Class:     14.56 MB used.
       Both:    106.34 MB used.

Virtual space:
  Non-class space:      128.00 MB reserved,      92.81 MB ( 73%) committed,  2 nodes.
      Class space:        1.00 GB reserved,      15.62 MB (  2%) committed,  1 nodes.
             Both:        1.12 GB reserved,     108.44 MB (  9%) committed. 

Chunk freelists:
   Non-Class:  3.10 MB
       Class:  368.00 KB
        Both:  3.46 MB

MaxMetaspaceSize: unlimited
CompressedClassSpaceSize: 1.00 GB
Initial GC threshold: 21.00 MB
Current GC threshold: 169.38 MB
CDS: off
 - commit_granule_bytes: 65536.
 - commit_granule_words: 8192.
 - virtual_space_node_default_size: 8388608.
 - enlarge_chunks_in_place: 1.
 - use_allocation_guard: 0.


Internal statistics:

num_allocs_failed_limit: 12.
num_arena_births: 4026.
num_arena_deaths: 0.
num_vsnodes_births: 3.
num_vsnodes_deaths: 0.
num_space_committed: 1735.
num_space_uncommitted: 0.
num_chunks_returned_to_freelist: 12.
num_chunks_taken_from_freelist: 8513.
num_chunk_merges: 12.
num_chunk_splits: 5616.
num_chunks_enlarged: 3618.
num_inconsistent_stats: 0.

CodeHeap 'non-profiled nmethods': size=120000Kb used=6006Kb max_used=6125Kb free=113993Kb
 bounds [0x0000025e734f0000, 0x0000025e73af0000, 0x0000025e7aa20000]
CodeHeap 'profiled nmethods': size=120000Kb used=19249Kb max_used=20071Kb free=100750Kb
 bounds [0x0000025e6ba20000, 0x0000025e6cdc0000, 0x0000025e72f50000]
CodeHeap 'non-nmethods': size=5760Kb used=2850Kb max_used=2892Kb free=2909Kb
 bounds [0x0000025e72f50000, 0x0000025e73240000, 0x0000025e734f0000]
 total_blobs=11413 nmethods=10444 adapters=871
 compilation: enabled
              stopped_count=0, restarted_count=0
 full_count=0

Compilation events (20 events):
Event: 29.274 Thread 0x0000025e05098d00 12327       4       java.util.TimSort::sort (229 bytes)
Event: 29.297 Thread 0x0000025e05098d00 nmethod 12327 0x0000025e73adff90 code [0x0000025e73ae0220, 0x0000025e73ae1620]
Event: 29.297 Thread 0x0000025e05098d00 12337       4       java.util.Collections::indexedBinarySearch (85 bytes)
Event: 29.304 Thread 0x0000025e05098d00 nmethod 12337 0x0000025e73ae2090 code [0x0000025e73ae2280, 0x0000025e73ae2960]
Event: 29.304 Thread 0x0000025e05098d00 12332       4       org.gradle.internal.file.FileHierarchySet$Node::contains (101 bytes)
Event: 29.310 Thread 0x0000025e05099ba0 12342       3       org.gradle.internal.operations.DefaultBuildOperationRunner::execute (147 bytes)
Event: 29.311 Thread 0x0000025e05099ba0 nmethod 12342 0x0000025e6cdb0090 code [0x0000025e6cdb0380, 0x0000025e6cdb1408]
Event: 29.311 Thread 0x0000025e05099ba0 12343       3       org.gradle.internal.operations.OperationIdentifier::<init> (26 bytes)
Event: 29.311 Thread 0x0000025e05099ba0 nmethod 12343 0x0000025e6cdb1b10 code [0x0000025e6cdb1cc0, 0x0000025e6cdb1f20]
Event: 29.313 Thread 0x0000025e05099ba0 12344       3       java.lang.String$CaseInsensitiveComparator::compare (68 bytes)
Event: 29.314 Thread 0x0000025e05099ba0 nmethod 12344 0x0000025e6cdb2010 code [0x0000025e6cdb2220, 0x0000025e6cdb26a8]
Event: 29.319 Thread 0x0000025e05099ba0 12346       3       org.gradle.api.internal.artifacts.transform.TransformStep::lambda$createInvocation$2 (93 bytes)
Event: 29.321 Thread 0x0000025e05099ba0 nmethod 12346 0x0000025e6cdb2890 code [0x0000025e6cdb2c20, 0x0000025e6cdb44c0]
Event: 29.322 Thread 0x0000025e05099ba0 12347       3       org.gradle.internal.snapshot.AbstractListChildMap::withNewChild (36 bytes)
Event: 29.322 Thread 0x0000025e05099ba0 nmethod 12347 0x0000025e6cdb4d10 code [0x0000025e6cdb4f00, 0x0000025e6cdb5390]
Event: 29.323 Thread 0x0000025e05099ba0 12348       3       sun.nio.cs.StreamDecoder::implRead (232 bytes)
Event: 29.324 Thread 0x0000025e05099ba0 nmethod 12348 0x0000025e6cdb5590 code [0x0000025e6cdb5840, 0x0000025e6cdb6550]
Event: 29.328 Thread 0x0000025e05098d00 nmethod 12332 0x0000025e73ae2e10 code [0x0000025e73ae3100, 0x0000025e73ae4348]
Event: 29.338 Thread 0x0000025e05099ba0 12349       2       java.util.TimSort::sort (229 bytes)
Event: 29.668 Thread 0x0000025e05098d00 12352       4       sun.nio.fs.NativeBuffers::getNativeBufferFromCache (51 bytes)

GC Heap History (20 events):
Event: 22.844 GC heap before
{Heap before GC invocations=29 (full 0):
 garbage-first heap   total 126976K, used 116184K [0x0000000080000000, 0x0000000100000000)
  region size 1024K, 37 young (37888K), 4 survivors (4096K)
 Metaspace       used 80157K, committed 81984K, reserved 1179648K
  class space    used 10751K, committed 11648K, reserved 1048576K
}
Event: 22.848 GC heap after
{Heap after GC invocations=30 (full 0):
 garbage-first heap   total 126976K, used 79303K [0x0000000080000000, 0x0000000100000000)
  region size 1024K, 5 young (5120K), 5 survivors (5120K)
 Metaspace       used 80157K, committed 81984K, reserved 1179648K
  class space    used 10751K, committed 11648K, reserved 1048576K
}
Event: 23.272 GC heap before
{Heap before GC invocations=30 (full 0):
 garbage-first heap   total 126976K, used 112071K [0x0000000080000000, 0x0000000100000000)
  region size 1024K, 37 young (37888K), 5 survivors (5120K)
 Metaspace       used 82639K, committed 84480K, reserved 1179648K
  class space    used 11056K, committed 11968K, reserved 1048576K
}
Event: 23.277 GC heap after
{Heap after GC invocations=31 (full 0):
 garbage-first heap   total 152576K, used 81487K [0x0000000080000000, 0x0000000100000000)
  region size 1024K, 3 young (3072K), 3 survivors (3072K)
 Metaspace       used 82639K, committed 84480K, reserved 1179648K
  class space    used 11056K, committed 11968K, reserved 1048576K
}
Event: 24.171 GC heap before
{Heap before GC invocations=32 (full 0):
 garbage-first heap   total 152576K, used 133711K [0x0000000080000000, 0x0000000100000000)
  region size 1024K, 50 young (51200K), 3 survivors (3072K)
 Metaspace       used 87317K, committed 89216K, reserved 1179648K
  class space    used 11670K, committed 12672K, reserved 1048576K
}
Event: 24.174 GC heap after
{Heap after GC invocations=33 (full 0):
 garbage-first heap   total 152576K, used 88961K [0x0000000080000000, 0x0000000100000000)
  region size 1024K, 6 young (6144K), 6 survivors (6144K)
 Metaspace       used 87317K, committed 89216K, reserved 1179648K
  class space    used 11670K, committed 12672K, reserved 1048576K
}
Event: 24.581 GC heap before
{Heap before GC invocations=33 (full 0):
 garbage-first heap   total 152576K, used 134017K [0x0000000080000000, 0x0000000100000000)
  region size 1024K, 50 young (51200K), 6 survivors (6144K)
 Metaspace       used 88387K, committed 90304K, reserved 1179648K
  class space    used 11824K, committed 12800K, reserved 1048576K
}
Event: 24.586 GC heap after
{Heap after GC invocations=34 (full 0):
 garbage-first heap   total 152576K, used 92140K [0x0000000080000000, 0x0000000100000000)
  region size 1024K, 7 young (7168K), 7 survivors (7168K)
 Metaspace       used 88387K, committed 90304K, reserved 1179648K
  class space    used 11824K, committed 12800K, reserved 1048576K
}
Event: 25.260 GC heap before
{Heap before GC invocations=34 (full 0):
 garbage-first heap   total 152576K, used 132076K [0x0000000080000000, 0x0000000100000000)
  region size 1024K, 47 young (48128K), 7 survivors (7168K)
 Metaspace       used 90797K, committed 92800K, reserved 1179648K
  class space    used 12164K, committed 13184K, reserved 1048576K
}
Event: 25.266 GC heap after
{Heap after GC invocations=35 (full 0):
 garbage-first heap   total 152576K, used 95559K [0x0000000080000000, 0x0000000100000000)
  region size 1024K, 4 young (4096K), 4 survivors (4096K)
 Metaspace       used 90797K, committed 92800K, reserved 1179648K
  class space    used 12164K, committed 13184K, reserved 1048576K
}
Event: 25.952 GC heap before
{Heap before GC invocations=36 (full 0):
 garbage-first heap   total 162816K, used 138567K [0x0000000080000000, 0x0000000100000000)
  region size 1024K, 45 young (46080K), 4 survivors (4096K)
 Metaspace       used 93880K, committed 95808K, reserved 1179648K
  class space    used 12757K, committed 13760K, reserved 1048576K
}
Event: 25.955 GC heap after
{Heap after GC invocations=37 (full 0):
 garbage-first heap   total 162816K, used 96959K [0x0000000080000000, 0x0000000100000000)
  region size 1024K, 5 young (5120K), 5 survivors (5120K)
 Metaspace       used 93880K, committed 95808K, reserved 1179648K
  class space    used 12757K, committed 13760K, reserved 1048576K
}
Event: 26.661 GC heap before
{Heap before GC invocations=37 (full 0):
 garbage-first heap   total 162816K, used 147135K [0x0000000080000000, 0x0000000100000000)
  region size 1024K, 54 young (55296K), 5 survivors (5120K)
 Metaspace       used 97599K, committed 99648K, reserved 1179648K
  class space    used 13281K, committed 14336K, reserved 1048576K
}
Event: 26.666 GC heap after
{Heap after GC invocations=38 (full 0):
 garbage-first heap   total 162816K, used 98040K [0x0000000080000000, 0x0000000100000000)
  region size 1024K, 4 young (4096K), 4 survivors (4096K)
 Metaspace       used 97599K, committed 99648K, reserved 1179648K
  class space    used 13281K, committed 14336K, reserved 1048576K
}
Event: 27.451 GC heap before
{Heap before GC invocations=38 (full 0):
 garbage-first heap   total 162816K, used 149240K [0x0000000080000000, 0x0000000100000000)
  region size 1024K, 54 young (55296K), 4 survivors (4096K)
 Metaspace       used 101728K, committed 103808K, reserved 1179648K
  class space    used 13860K, committed 14912K, reserved 1048576K
}
Event: 27.456 GC heap after
{Heap after GC invocations=39 (full 0):
 garbage-first heap   total 162816K, used 101261K [0x0000000080000000, 0x0000000100000000)
  region size 1024K, 5 young (5120K), 5 survivors (5120K)
 Metaspace       used 101728K, committed 103808K, reserved 1179648K
  class space    used 13860K, committed 14912K, reserved 1048576K
}
Event: 28.287 GC heap before
{Heap before GC invocations=40 (full 0):
 garbage-first heap   total 168960K, used 148365K [0x0000000080000000, 0x0000000100000000)
  region size 1024K, 51 young (52224K), 5 survivors (5120K)
 Metaspace       used 105749K, committed 107840K, reserved 1179648K
  class space    used 14421K, committed 15488K, reserved 1048576K
}
Event: 28.292 GC heap after
{Heap after GC invocations=41 (full 0):
 garbage-first heap   total 168960K, used 104831K [0x0000000080000000, 0x0000000100000000)
  region size 1024K, 7 young (7168K), 7 survivors (7168K)
 Metaspace       used 105749K, committed 107840K, reserved 1179648K
  class space    used 14421K, committed 15488K, reserved 1048576K
}
Event: 29.211 GC heap before
{Heap before GC invocations=41 (full 0):
 garbage-first heap   total 168960K, used 150911K [0x0000000080000000, 0x0000000100000000)
  region size 1024K, 52 young (53248K), 7 survivors (7168K)
 Metaspace       used 108882K, committed 110976K, reserved 1179648K
  class space    used 14905K, committed 15936K, reserved 1048576K
}
Event: 29.219 GC heap after
{Heap after GC invocations=42 (full 0):
 garbage-first heap   total 168960K, used 109325K [0x0000000080000000, 0x0000000100000000)
  region size 1024K, 7 young (7168K), 7 survivors (7168K)
 Metaspace       used 108882K, committed 110976K, reserved 1179648K
  class space    used 14905K, committed 15936K, reserved 1048576K
}

Dll operation events (3 events):
Event: 0.021 Loaded shared library C:\Program Files\Android\Android Studio\jbr\bin\java.dll
Event: 0.027 Loaded shared library C:\Program Files\Android\Android Studio\jbr\bin\zip.dll
Event: 1.211 Loaded shared library C:\Program Files\Android\Android Studio\jbr\bin\verify.dll

Deoptimization events (20 events):
Event: 29.302 Thread 0x0000025e0a7bad70 Uncommon trap: trap_request=0xffffffd6 fr.pc=0x0000025e73ae12c0 relative=0x00000000000010a0
Event: 29.302 Thread 0x0000025e0a7bad70 Uncommon trap: reason=array_check action=maybe_recompile pc=0x0000025e73ae12c0 method=java.util.TimSort.reverseRange([Ljava/lang/Object;II)V @ 20 c2
Event: 29.302 Thread 0x0000025e0a7bad70 DEOPT PACKING pc=0x0000025e73ae12c0 sp=0x000000a2144fd540
Event: 29.302 Thread 0x0000025e0a7bad70 DEOPT UNPACKING pc=0x0000025e72fa46a2 sp=0x000000a2144fd3d8 mode 2
Event: 29.306 Thread 0x0000025e0a7ba6e0 Uncommon trap: trap_request=0xffffffd6 fr.pc=0x0000025e73ae12c0 relative=0x00000000000010a0
Event: 29.306 Thread 0x0000025e0a7ba6e0 Uncommon trap: reason=array_check action=maybe_recompile pc=0x0000025e73ae12c0 method=java.util.TimSort.reverseRange([Ljava/lang/Object;II)V @ 20 c2
Event: 29.306 Thread 0x0000025e0a7ba6e0 DEOPT PACKING pc=0x0000025e73ae12c0 sp=0x000000a2146fd600
Event: 29.306 Thread 0x0000025e0a7ba6e0 DEOPT UNPACKING pc=0x0000025e72fa46a2 sp=0x000000a2146fd498 mode 2
Event: 29.307 Thread 0x0000025e10ea9980 Uncommon trap: trap_request=0xffffffd6 fr.pc=0x0000025e73ae12c0 relative=0x00000000000010a0
Event: 29.307 Thread 0x0000025e0a7b6540 Uncommon trap: trap_request=0xffffffd6 fr.pc=0x0000025e73ae12c0 relative=0x00000000000010a0
Event: 29.307 Thread 0x0000025e10ea9980 Uncommon trap: reason=array_check action=maybe_recompile pc=0x0000025e73ae12c0 method=java.util.TimSort.reverseRange([Ljava/lang/Object;II)V @ 20 c2
Event: 29.307 Thread 0x0000025e0a7b6540 Uncommon trap: reason=array_check action=maybe_recompile pc=0x0000025e73ae12c0 method=java.util.TimSort.reverseRange([Ljava/lang/Object;II)V @ 20 c2
Event: 29.307 Thread 0x0000025e10ea9980 DEOPT PACKING pc=0x0000025e73ae12c0 sp=0x000000a214afd020
Event: 29.307 Thread 0x0000025e0a7b6540 DEOPT PACKING pc=0x0000025e73ae12c0 sp=0x000000a2136fa390
Event: 29.307 Thread 0x0000025e10ea9980 DEOPT UNPACKING pc=0x0000025e72fa46a2 sp=0x000000a214afceb8 mode 2
Event: 29.307 Thread 0x0000025e0a7b6540 DEOPT UNPACKING pc=0x0000025e72fa46a2 sp=0x000000a2136fa228 mode 2
Event: 29.668 Thread 0x0000025e10eaa010 DEOPT PACKING pc=0x0000025e6cda2a82 sp=0x000000a214bfc490
Event: 29.668 Thread 0x0000025e10ea7220 DEOPT PACKING pc=0x0000025e6cda2a82 sp=0x000000a2147fbf20
Event: 29.668 Thread 0x0000025e10eaa010 DEOPT UNPACKING pc=0x0000025e72fa4e42 sp=0x000000a214bfb958 mode 0
Event: 29.668 Thread 0x0000025e10ea7220 DEOPT UNPACKING pc=0x0000025e72fa4e42 sp=0x000000a2147fb3e8 mode 0

Classes loaded (20 events):
Event: 28.726 Loading class java/io/ObjectInputFilter$Config$BuiltinFilterFactory
Event: 28.726 Loading class java/io/ObjectInputFilter$Config$BuiltinFilterFactory done
Event: 28.726 Loading class jdk/internal/access/JavaObjectInputFilterAccess
Event: 28.726 Loading class jdk/internal/access/JavaObjectInputFilterAccess done
Event: 28.726 Loading class jdk/internal/event/DeserializationEvent
Event: 28.727 Loading class jdk/internal/event/DeserializationEvent done
Event: 28.727 Loading class java/io/ObjectInputStream$FieldValues
Event: 28.727 Loading class java/io/ObjectInputStream$GetField
Event: 28.728 Loading class java/io/ObjectInputStream$GetField done
Event: 28.728 Loading class java/io/ObjectInputStream$FieldValues done
Event: 28.737 Loading class java/io/CharArrayWriter
Event: 28.738 Loading class java/io/CharArrayWriter done
Event: 28.748 Loading class java/io/SequenceInputStream
Event: 28.748 Loading class java/io/SequenceInputStream done
Event: 28.758 Loading class java/util/function/IntUnaryOperator
Event: 28.759 Loading class java/util/function/IntUnaryOperator done
Event: 29.056 Loading class java/util/Collections$ReverseComparator
Event: 29.057 Loading class java/util/Collections$ReverseComparator done
Event: 29.057 Loading class java/util/Collections$ReverseComparator2
Event: 29.057 Loading class java/util/Collections$ReverseComparator2 done

Classes unloaded (0 events):
No events

Classes redefined (0 events):
No events

Internal exceptions (20 events):
Event: 28.293 Thread 0x0000025e05071020 Implicit null exception at 0x0000025e7393a848 to 0x0000025e7393af48
Event: 28.392 Thread 0x0000025e050f0df0 Implicit null exception at 0x0000025e73a6d8be to 0x0000025e73a6d98c
Event: 28.490 Thread 0x0000025e050f0df0 Exception <a 'java/lang/NoSuchMethodError'{0x0000000089048288}: 'void java.lang.invoke.DirectMethodHandle$Holder.invokeSpecial(java.lang.Object, java.lang.Object, java.lang.Object, java.lang.Object, int, java.lang.Object, java.lang.Object)'> (0x0000000089048288) 
thrown [s\src\hotspot\share\interpreter\linkResolver.cpp, line 784]
Event: 28.527 Thread 0x0000025e0a7b5190 Exception <a 'java/lang/NoSuchMethodError'{0x0000000088e31770}: 'java.lang.Object java.lang.invoke.DirectMethodHandle$Holder.newInvokeSpecial(java.lang.Object, java.lang.Object, int, java.lang.Object, java.lang.Object)'> (0x0000000088e31770) 
thrown [s\src\hotspot\share\interpreter\linkResolver.cpp, line 784]
Event: 28.576 Thread 0x0000025e0a7b5190 Exception <a 'java/lang/NoSuchMethodError'{0x0000000088a18848}: 'java.lang.Object java.lang.invoke.DirectMethodHandle$Holder.invokeVirtual(java.lang.Object, java.lang.Object, java.lang.Object, java.lang.Object, java.lang.Object, java.lang.Object, java.lang.Object, java.lang.Object, java.lang.Object, java.lang.Object, java.lang.Object, java.lang.Object, java.lang.Object, java.lang.Object, java.lang.Object, java.lang.Object, java.lang.Object, java.lang.Object, java.lang.Object)'> (0x0000000088a18848) 
thrown
Event: 28.586 Thread 0x0000025e071c6c50 Exception <a 'java/lang/NoSuchMethodError'{0x0000000088af5a10}: static Lorg/gradle/internal/build/event/types/DefaultTaskStartedProgressEvent;.<clinit>()V> (0x0000000088af5a10) 
thrown [s\src\hotspot\share\prims\jni.cpp, line 1135]
Event: 28.587 Thread 0x0000025e071c6c50 Exception <a 'java/lang/NoSuchMethodError'{0x0000000088916bb0}: static Lorg/gradle/internal/build/event/types/DefaultTaskDescriptor;.<clinit>()V> (0x0000000088916bb0) 
thrown [s\src\hotspot\share\prims\jni.cpp, line 1135]
Event: 28.629 Thread 0x0000025e0a7b5190 Exception <a 'java/lang/IncompatibleClassChangeError'{0x00000000888132d8}: Found class java.lang.Object, but interface was expected> (0x00000000888132d8) 
thrown [s\src\hotspot\share\interpreter\linkResolver.cpp, line 851]
Event: 28.655 Thread 0x0000025e0a7b5190 Exception <a 'java/lang/NoSuchMethodError'{0x000000008871afd0}: 'int java.lang.invoke.DirectMethodHandle$Holder.invokeStaticInit(java.lang.Object, java.lang.Object, java.lang.Object, java.lang.Object, java.lang.Object)'> (0x000000008871afd0) 
thrown [s\src\hotspot\share\interpreter\linkResolver.cpp, line 784]
Event: 28.683 Thread 0x0000025e071c6c50 Exception <a 'java/lang/NoSuchMethodError'{0x000000008864e760}: static Lorg/gradle/internal/build/event/types/DefaultTaskFinishedProgressEvent;.<clinit>()V> (0x000000008864e760) 
thrown [s\src\hotspot\share\prims\jni.cpp, line 1135]
Event: 28.684 Thread 0x0000025e071c6c50 Exception <a 'java/lang/NoSuchMethodError'{0x00000000886715e8}: static Lorg/gradle/internal/build/event/types/DefaultTaskSuccessResult;.<clinit>()V> (0x00000000886715e8) 
thrown [s\src\hotspot\share\prims\jni.cpp, line 1135]
Event: 28.684 Thread 0x0000025e071c6c50 Exception <a 'java/lang/NoSuchMethodError'{0x0000000088672d30}: static Lorg/gradle/internal/build/event/types/AbstractTaskResult;.<clinit>()V> (0x0000000088672d30) 
thrown [s\src\hotspot\share\prims\jni.cpp, line 1135]
Event: 28.691 Thread 0x0000025e0a7b6540 Exception <a 'sun/nio/fs/WindowsException'{0x00000000886d2d98}> (0x00000000886d2d98) 
thrown [s\src\hotspot\share\prims\jni.cpp, line 535]
Event: 28.697 Thread 0x0000025e071c6c50 Exception <a 'java/lang/NoSuchMethodError'{0x0000000088533eb0}: static Lorg/gradle/internal/build/event/types/DefaultTaskSkippedResult;.<clinit>()V> (0x0000000088533eb0) 
thrown [s\src\hotspot\share\prims\jni.cpp, line 1135]
Event: 28.707 Thread 0x0000025e09a69de0 Exception <a 'java/lang/NoSuchMethodError'{0x00000000885d3f68}: static Lcom/android/buildanalyzer/common/AndroidGradlePluginAttributionData$BuildInfo;.<clinit>()V> (0x00000000885d3f68) 
thrown [s\src\hotspot\share\prims\jni.cpp, line 1135]
Event: 28.709 Thread 0x0000025e09a69de0 Exception <a 'java/lang/NoSuchMethodError'{0x00000000885ebf20}: static Lcom/android/buildanalyzer/common/AndroidGradlePluginAttributionData$JavaInfo;.<clinit>()V> (0x00000000885ebf20) 
thrown [s\src\hotspot\share\prims\jni.cpp, line 1135]
Event: 28.712 Thread 0x0000025e09a69de0 Exception <a 'java/lang/NoSuchMethodError'{0x0000000088412718}: static [Ljava/lang/String;.<clinit>()V> (0x0000000088412718) 
thrown [s\src\hotspot\share\prims\jni.cpp, line 1135]
Event: 28.714 Thread 0x0000025e09a69de0 Exception <a 'java/lang/NoSuchMethodError'{0x0000000088447fa8}: static Lcom/android/buildanalyzer/common/AndroidGradlePluginAttributionData$TaskInfo;.<clinit>()V> (0x0000000088447fa8) 
thrown [s\src\hotspot\share\prims\jni.cpp, line 1135]
Event: 28.715 Thread 0x0000025e09a69de0 Exception <a 'java/lang/NoSuchMethodError'{0x00000000884552c0}: static Lcom/android/buildanalyzer/common/AndroidGradlePluginAttributionData$TaskCategoryInfo;.<clinit>()V> (0x00000000884552c0) 
thrown [s\src\hotspot\share\prims\jni.cpp, line 1135]
Event: 28.759 Thread 0x0000025e0a7b6540 Exception <a 'java/lang/NoSuchMethodError'{0x00000000882d1e20}: 'int java.lang.invoke.DirectMethodHandle$Holder.invokeSpecial(java.lang.Object, java.lang.Object, int)'> (0x00000000882d1e20) 
thrown [s\src\hotspot\share\interpreter\linkResolver.cpp, line 784]

ZGC Phase Switch (0 events):
No events

VM Operations (20 events):
Event: 28.593 Executing VM operation: HandshakeAllThreads (Deoptimize)
Event: 28.593 Executing VM operation: HandshakeAllThreads (Deoptimize) done
Event: 28.597 Executing VM operation: ICBufferFull
Event: 28.597 Executing VM operation: ICBufferFull done
Event: 28.612 Executing VM operation: HandshakeAllThreads (Deoptimize)
Event: 28.612 Executing VM operation: HandshakeAllThreads (Deoptimize) done
Event: 28.614 Executing VM operation: HandshakeAllThreads (Deoptimize)
Event: 28.614 Executing VM operation: HandshakeAllThreads (Deoptimize) done
Event: 28.617 Executing VM operation: HandshakeAllThreads (Deoptimize)
Event: 28.617 Executing VM operation: HandshakeAllThreads (Deoptimize) done
Event: 28.677 Executing VM operation: HandshakeAllThreads (Deoptimize)
Event: 28.677 Executing VM operation: HandshakeAllThreads (Deoptimize) done
Event: 28.809 Executing VM operation: HandshakeAllThreads (Deoptimize)
Event: 28.809 Executing VM operation: HandshakeAllThreads (Deoptimize) done
Event: 28.906 Executing VM operation: ICBufferFull
Event: 28.907 Executing VM operation: ICBufferFull done
Event: 29.130 Executing VM operation: ICBufferFull
Event: 29.130 Executing VM operation: ICBufferFull done
Event: 29.211 Executing VM operation: G1CollectForAllocation (G1 Evacuation Pause)
Event: 29.219 Executing VM operation: G1CollectForAllocation (G1 Evacuation Pause) done

Memory protections (0 events):
No events

Nmethod flushes (20 events):
Event: 27.498 Thread 0x0000025e05020800 flushing  nmethod 0x0000025e6ba3da10
Event: 27.498 Thread 0x0000025e05020800 flushing  nmethod 0x0000025e6bb13590
Event: 27.498 Thread 0x0000025e05020800 flushing  nmethod 0x0000025e6bc9cf10
Event: 27.498 Thread 0x0000025e05020800 flushing  nmethod 0x0000025e6bd13f10
Event: 27.499 Thread 0x0000025e05020800 flushing  nmethod 0x0000025e6bdfdb90
Event: 27.499 Thread 0x0000025e05020800 flushing  nmethod 0x0000025e6beb1e90
Event: 27.499 Thread 0x0000025e05020800 flushing  nmethod 0x0000025e6c06ea90
Event: 27.499 Thread 0x0000025e05020800 flushing  nmethod 0x0000025e7379ee10
Event: 27.499 Thread 0x0000025e05020800 flushing  nmethod 0x0000025e6ba28c90
Event: 27.499 Thread 0x0000025e05020800 flushing  nmethod 0x0000025e6ba2b510
Event: 27.499 Thread 0x0000025e05020800 flushing  nmethod 0x0000025e6bb6f990
Event: 27.499 Thread 0x0000025e05020800 flushing  nmethod 0x0000025e6bb9f210
Event: 27.499 Thread 0x0000025e05020800 flushing  nmethod 0x0000025e6bc35510
Event: 27.499 Thread 0x0000025e05020800 flushing  nmethod 0x0000025e6bcf2690
Event: 27.499 Thread 0x0000025e05020800 flushing  nmethod 0x0000025e6bcf3d90
Event: 27.499 Thread 0x0000025e05020800 flushing  nmethod 0x0000025e6c0beb90
Event: 27.499 Thread 0x0000025e05020800 flushing  nmethod 0x0000025e6c21d090
Event: 27.499 Thread 0x0000025e05020800 flushing  nmethod 0x0000025e6c3f8890
Event: 27.499 Thread 0x0000025e05020800 flushing  nmethod 0x0000025e6c47e490
Event: 27.499 Thread 0x0000025e05020800 flushing  nmethod 0x0000025e6c47f590

Events (20 events):
Event: 28.530 Thread 0x0000025e0a7b5190 Thread added: 0x0000025e0a7b5eb0
Event: 28.530 Thread 0x0000025e0a7b5190 Thread added: 0x0000025e0a7b4470
Event: 28.530 Thread 0x0000025e0a7b5190 Thread added: 0x0000025e0a7b4b00
Event: 28.530 Thread 0x0000025e0a7b5190 Thread added: 0x0000025e0a7b7260
Event: 28.530 Thread 0x0000025e0a7b5190 Thread added: 0x0000025e0a7b78f0
Event: 28.530 Thread 0x0000025e0a7b5190 Thread added: 0x0000025e0a7b8610
Event: 28.530 Thread 0x0000025e0a7b5190 Thread added: 0x0000025e0a7b7f80
Event: 28.530 Thread 0x0000025e0a7b5190 Thread added: 0x0000025e0a7b8ca0
Event: 28.565 Thread 0x0000025e0a7b5190 Thread added: 0x0000025e0a7b5820
Event: 29.148 Thread 0x0000025e0a7b6540 Thread added: 0x0000025e0a7ba050
Event: 29.149 Thread 0x0000025e0a7b6540 Thread added: 0x0000025e0a7b9330
Event: 29.149 Thread 0x0000025e0a7b6540 Thread added: 0x0000025e0a7bad70
Event: 29.149 Thread 0x0000025e0a7b6540 Thread added: 0x0000025e0a7b99c0
Event: 29.149 Thread 0x0000025e0a7b6540 Thread added: 0x0000025e0a7ba6e0
Event: 29.149 Thread 0x0000025e0a7b6540 Thread added: 0x0000025e10ea7220
Event: 29.149 Thread 0x0000025e0a7b6540 Thread added: 0x0000025e10ea6500
Event: 29.149 Thread 0x0000025e0a7b6540 Thread added: 0x0000025e10ea5e70
Event: 29.149 Thread 0x0000025e0a7b6540 Thread added: 0x0000025e10ea9980
Event: 29.150 Thread 0x0000025e0a7b6540 Thread added: 0x0000025e10eaa010
Event: 29.150 Thread 0x0000025e0a7b6540 Thread added: 0x0000025e10ea7f40


Dynamic libraries:
0x00007ff6ad480000 - 0x00007ff6ad48a000 	C:\Program Files\Android\Android Studio\jbr\bin\java.exe
0x00007ffdfd740000 - 0x00007ffdfd9a0000 	C:\windows\SYSTEM32\ntdll.dll
0x00007ffdfc260000 - 0x00007ffdfc327000 	C:\windows\System32\KERNEL32.DLL
0x00007ffdfadc0000 - 0x00007ffdfb18a000 	C:\windows\System32\KERNELBASE.dll
0x00007ffdfa920000 - 0x00007ffdfaa6b000 	C:\windows\System32\ucrtbase.dll
0x00007ffdd8b90000 - 0x00007ffdd8bab000 	C:\Program Files\Android\Android Studio\jbr\bin\VCRUNTIME140.dll
0x00007ffde21f0000 - 0x00007ffde2208000 	C:\Program Files\Android\Android Studio\jbr\bin\jli.dll
0x00007ffdfc8a0000 - 0x00007ffdfca6c000 	C:\windows\System32\USER32.dll
0x00007ffdd96d0000 - 0x00007ffdd9967000 	C:\windows\WinSxS\amd64_microsoft.windows.common-controls_6595b64144ccf1df_6.0.26100.3624_none_3e086962e3345f24\COMCTL32.dll
0x00007ffdfaa70000 - 0x00007ffdfaa97000 	C:\windows\System32\win32u.dll
0x00007ffdfc4d0000 - 0x00007ffdfc579000 	C:\windows\System32\msvcrt.dll
0x00007ffdfc710000 - 0x00007ffdfc73a000 	C:\windows\System32\GDI32.dll
0x00007ffdfabe0000 - 0x00007ffdfad11000 	C:\windows\System32\gdi32full.dll
0x00007ffdfaaa0000 - 0x00007ffdfab43000 	C:\windows\System32\msvcp_win.dll
0x00007ffdfb5c0000 - 0x00007ffdfb5ef000 	C:\windows\System32\IMM32.DLL
0x00007ffdf1f10000 - 0x00007ffdf1f1c000 	C:\Program Files\Android\Android Studio\jbr\bin\vcruntime140_1.dll
0x00007ffdc82b0000 - 0x00007ffdc833d000 	C:\Program Files\Android\Android Studio\jbr\bin\msvcp140.dll
0x00007ffd3ee10000 - 0x00007ffd3fa9a000 	C:\Program Files\Android\Android Studio\jbr\bin\server\jvm.dll
0x00007ffdfca70000 - 0x00007ffdfcb22000 	C:\windows\System32\ADVAPI32.dll
0x00007ffdfbf90000 - 0x00007ffdfc036000 	C:\windows\System32\sechost.dll
0x00007ffdfc050000 - 0x00007ffdfc166000 	C:\windows\System32\RPCRT4.dll
0x00007ffdfc690000 - 0x00007ffdfc704000 	C:\windows\System32\WS2_32.dll
0x00007ffdfa770000 - 0x00007ffdfa7ce000 	C:\windows\SYSTEM32\POWRPROF.dll
0x00007ffdece20000 - 0x00007ffdece56000 	C:\windows\SYSTEM32\WINMM.dll
0x00007ffdf1aa0000 - 0x00007ffdf1aab000 	C:\windows\SYSTEM32\VERSION.dll
0x00007ffdfa750000 - 0x00007ffdfa764000 	C:\windows\SYSTEM32\UMPDC.dll
0x00007ffdf9730000 - 0x00007ffdf974a000 	C:\windows\SYSTEM32\kernel.appcore.dll
0x00007ffde23a0000 - 0x00007ffde23aa000 	C:\Program Files\Android\Android Studio\jbr\bin\jimage.dll
0x00007ffdec140000 - 0x00007ffdec381000 	C:\windows\SYSTEM32\DBGHELP.DLL
0x00007ffdfb600000 - 0x00007ffdfb982000 	C:\windows\System32\combase.dll
0x00007ffdfcd00000 - 0x00007ffdfcdd6000 	C:\windows\System32\OLEAUT32.dll
0x00007ffdd2410000 - 0x00007ffdd2449000 	C:\windows\SYSTEM32\dbgcore.DLL
0x00007ffdfad20000 - 0x00007ffdfadb9000 	C:\windows\System32\bcryptPrimitives.dll
0x00007ffdd6770000 - 0x00007ffdd677e000 	C:\Program Files\Android\Android Studio\jbr\bin\instrument.dll
0x00007ffdd89d0000 - 0x00007ffdd89f0000 	C:\Program Files\Android\Android Studio\jbr\bin\java.dll
0x00007ffdd8590000 - 0x00007ffdd85a8000 	C:\Program Files\Android\Android Studio\jbr\bin\zip.dll
0x00007ffdfcde0000 - 0x00007ffdfd509000 	C:\windows\System32\SHELL32.dll
0x00007ffdfb3d0000 - 0x00007ffdfb538000 	C:\windows\System32\wintypes.dll
0x00007ffdf8590000 - 0x00007ffdf8de2000 	C:\windows\SYSTEM32\windows.storage.dll
0x00007ffdfcb30000 - 0x00007ffdfcc1d000 	C:\windows\System32\SHCORE.dll
0x00007ffdfba90000 - 0x00007ffdfbaf4000 	C:\windows\System32\shlwapi.dll
0x00007ffdfa830000 - 0x00007ffdfa85f000 	C:\windows\SYSTEM32\profapi.dll
0x00007ffddc6d0000 - 0x00007ffddc6e0000 	C:\Program Files\Android\Android Studio\jbr\bin\net.dll
0x00007ffdf41c0000 - 0x00007ffdf42dd000 	C:\windows\SYSTEM32\WINHTTP.dll
0x00007ffdf9c50000 - 0x00007ffdf9cba000 	C:\windows\system32\mswsock.dll
0x00007ffdd8130000 - 0x00007ffdd8146000 	C:\Program Files\Android\Android Studio\jbr\bin\nio.dll
0x00007ffdd8700000 - 0x00007ffdd8710000 	C:\Program Files\Android\Android Studio\jbr\bin\verify.dll
0x00007ffdd2f70000 - 0x00007ffdd2f97000 	C:\Users\bryan\.gradle\native\c067742578af261105cb4f569cf0c3c89f3d7b1fecec35dd04571415982c5e48\windows-amd64\native-platform.dll
0x00007ffdb8eb0000 - 0x00007ffdb8ff4000 	C:\Users\bryan\.gradle\native\100fb08df4bc3b14c8652ba06237920a3bd2aa13389f12d3474272988ae205f9\windows-amd64\native-platform-file-events.dll
0x00007ffdd83a0000 - 0x00007ffdd83a9000 	C:\Program Files\Android\Android Studio\jbr\bin\management.dll
0x00007ffdd7fb0000 - 0x00007ffdd7fbb000 	C:\Program Files\Android\Android Studio\jbr\bin\management_ext.dll
0x00007ffdfc220000 - 0x00007ffdfc228000 	C:\windows\System32\PSAPI.DLL
0x00007ffdf9ef0000 - 0x00007ffdf9f0c000 	C:\windows\SYSTEM32\CRYPTSP.dll
0x00007ffdf9690000 - 0x00007ffdf96ca000 	C:\windows\system32\rsaenh.dll
0x00007ffdf9cf0000 - 0x00007ffdf9d1b000 	C:\windows\SYSTEM32\USERENV.dll
0x00007ffdfa800000 - 0x00007ffdfa826000 	C:\windows\SYSTEM32\bcrypt.dll
0x00007ffdf9f10000 - 0x00007ffdf9f1c000 	C:\windows\SYSTEM32\CRYPTBASE.dll
0x00007ffdf9170000 - 0x00007ffdf91a3000 	C:\windows\SYSTEM32\IPHLPAPI.DLL
0x00007ffdfd6f0000 - 0x00007ffdfd6fa000 	C:\windows\System32\NSI.dll
0x00007ffdd6ab0000 - 0x00007ffdd6ab9000 	C:\Program Files\Android\Android Studio\jbr\bin\extnet.dll
0x00007ffd91dc0000 - 0x00007ffd91dc8000 	C:\windows\system32\wshunix.dll
0x00007ffdc5f50000 - 0x00007ffdc5f68000 	C:\windows\system32\napinsp.dll
0x00007ffdf9210000 - 0x00007ffdf9335000 	C:\windows\SYSTEM32\DNSAPI.dll
0x00007ffdc5f30000 - 0x00007ffdc5f42000 	C:\windows\System32\winrnr.dll
0x00007ffdc5ef0000 - 0x00007ffdc5f20000 	C:\windows\system32\nlansp_c.dll
0x00007ffdf2480000 - 0x00007ffdf2496000 	C:\windows\system32\wshbth.dll
0x00007ffdf40f0000 - 0x00007ffdf40fb000 	C:\Windows\System32\rasadhlp.dll
0x00007ffdf4490000 - 0x00007ffdf4515000 	C:\windows\System32\fwpuclnt.dll

dbghelp: loaded successfully - version: 4.0.5 - missing functions: none
symbol engine: initialized successfully - sym options: 0x614 - pdb path: .;C:\Program Files\Android\Android Studio\jbr\bin;C:\windows\SYSTEM32;C:\windows\WinSxS\amd64_microsoft.windows.common-controls_6595b64144ccf1df_6.0.26100.3624_none_3e086962e3345f24;C:\Program Files\Android\Android Studio\jbr\bin\server;C:\Users\bryan\.gradle\native\c067742578af261105cb4f569cf0c3c89f3d7b1fecec35dd04571415982c5e48\windows-amd64;C:\Users\bryan\.gradle\native\100fb08df4bc3b14c8652ba06237920a3bd2aa13389f12d3474272988ae205f9\windows-amd64

VM Arguments:
jvm_args: --add-opens=java.base/java.util=ALL-UNNAMED --add-opens=java.base/java.lang=ALL-UNNAMED --add-opens=java.base/java.lang.invoke=ALL-UNNAMED --add-opens=java.prefs/java.util.prefs=ALL-UNNAMED --add-exports=jdk.compiler/com.sun.tools.javac.api=ALL-UNNAMED --add-exports=jdk.compiler/com.sun.tools.javac.util=ALL-UNNAMED --add-opens=java.base/java.nio.charset=ALL-UNNAMED --add-opens=java.base/java.net=ALL-UNNAMED --add-opens=java.base/java.util.concurrent.atomic=ALL-UNNAMED -Xmx2048m -Dfile.encoding=UTF-8 -Duser.country=PH -Duser.language=en -Duser.variant -javaagent:C:\Users\bryan\.gradle\wrapper\dists\gradle-8.10.2-bin\a04bxjujx95o3nb99gddekhwo\gradle-8.10.2\lib\agents\gradle-instrumentation-agent-8.10.2.jar 
java_command: org.gradle.launcher.daemon.bootstrap.GradleDaemon 8.10.2
java_class_path (initial): C:\Users\bryan\.gradle\wrapper\dists\gradle-8.10.2-bin\a04bxjujx95o3nb99gddekhwo\gradle-8.10.2\lib\gradle-daemon-main-8.10.2.jar
Launcher Type: SUN_STANDARD

[Global flags]
     intx CICompilerCount                          = 4                                         {product} {ergonomic}
     uint ConcGCThreads                            = 3                                         {product} {ergonomic}
     uint G1ConcRefinementThreads                  = 10                                        {product} {ergonomic}
   size_t G1HeapRegionSize                         = 1048576                                   {product} {ergonomic}
    uintx GCDrainStackTargetSize                   = 64                                        {product} {ergonomic}
   size_t InitialHeapSize                          = 121634816                                 {product} {ergonomic}
   size_t MarkStackSize                            = 4194304                                   {product} {ergonomic}
   size_t MaxHeapSize                              = 2147483648                                {product} {command line}
   size_t MaxNewSize                               = 1287651328                                {product} {ergonomic}
   size_t MinHeapDeltaBytes                        = 1048576                                   {product} {ergonomic}
   size_t MinHeapSize                              = 8388608                                   {product} {ergonomic}
    uintx NonNMethodCodeHeapSize                   = 5839372                                {pd product} {ergonomic}
    uintx NonProfiledCodeHeapSize                  = 122909434                              {pd product} {ergonomic}
    uintx ProfiledCodeHeapSize                     = 122909434                              {pd product} {ergonomic}
    uintx ReservedCodeCacheSize                    = 251658240                              {pd product} {ergonomic}
     bool SegmentedCodeCache                       = true                                      {product} {ergonomic}
   size_t SoftMaxHeapSize                          = 2147483648                             {manageable} {ergonomic}
     bool UseCompressedOops                        = true                           {product lp64_product} {ergonomic}
     bool UseG1GC                                  = true                                      {product} {ergonomic}
     bool UseLargePagesIndividualAllocation        = false                                  {pd product} {ergonomic}

Logging:
Log output configuration:
 #0: stdout all=warning uptime,level,tags foldmultilines=false
 #1: stderr all=off uptime,level,tags foldmultilines=false

Environment Variables:
PATH=C:\Program Files\Common Files\Oracle\Java\javapath;C:\Program Files (x86)\Common Files\Oracle\Java\javapath;C:\windows\system32;C:\windows;C:\windows\System32\Wbem;C:\windows\System32\WindowsPowerShell\v1.0\;C:\windows\System32\OpenSSH\;C:\Program Files (x86)\NVIDIA Corporation\PhysX\Common;C:\Users\Administrator\AppData\Local\Microsoft\WindowsApps;C:\Program Files\HP\OMEN-Broadcast\Common;C:\Program Files\HP\HP One Agent;C:\xampp\php;C:\ProgramData\ComposerSetup\bin;C:\WebSystem\node-v23.6.1-win-x64\node_modules;C:\Program Files\nodejs\;C:\Users\bryan\AppData\Local\Flutter\flutter_windows_3.29.0-stable\flutter\bin;C:\Program Files\Git\cmd;C:\Users\bryan\AppData\Local\Android\Sdk\platform-tools;C:\Program Files\NVIDIA Corporation\NVIDIA app\NvDLISR;C:\Program Files\dotnet\;C:\ProgramData\chocolatey\bin;C:\Program Files\Java\jdk-17\bin;C:\Users\bryan\AppData\Local\Microsoft\WindowsApps;C:\Users\bryan\AppData\Roaming\Composer\vendor\bin;C:\Users\bryan\AppData\Roaming\npm;C:\Users\bryan\AppData\Local\Programs\cursor\resources\app\bin;C:\Users\bryan\AppData\Local\Programs\Microsoft VS Code\bin;C:\Users\bryan\AppData\Local\Muse Hub\lib;C:\Program Files\Java\jdk-17\bin;
USERNAME=bryan
OS=Windows_NT
PROCESSOR_IDENTIFIER=AMD64 Family 25 Model 68 Stepping 1, AuthenticAMD
TMP=C:\Users\bryan\AppData\Local\Temp
TEMP=C:\Users\bryan\AppData\Local\Temp




Periodic native trim disabled

JNI global refs:
JNI global refs: 28, weak refs: 1

JNI global refs memory usage: 835, weak refs: 833

Process memory usage:
Resident Set Size: 419924K (5% of 7558584K total physical memory with 523320K free physical memory)

OOME stack traces (most recent first):
Classloader memory used:
Loader org.gradle.internal.classloader.VisitableURLClassLoader                         : 42631K
Loader bootstrap                                                                       : 28771K
Loader org.gradle.internal.classloader.VisitableURLClassLoader$InstrumentingVisitableURLClassLoader: 25044K
Loader org.gradle.initialization.MixInLegacyTypesClassLoader                           : 11320K
Loader jdk.internal.loader.ClassLoaders$PlatformClassLoader                            : 500K
Loader jdk.internal.loader.ClassLoaders$AppClassLoader                                 : 234K
Loader jdk.internal.reflect.DelegatingClassLoader                                      : 184K
Loader org.gradle.groovy.scripts.internal.DefaultScriptCompilationHandler$ScriptClassLoader: 108K
Loader org.gradle.internal.classloader.VisitableURLClassLoader                         : 95480B
Loader org.codehaus.groovy.runtime.callsite.CallSiteClassLoader                        : 3648B
Loader sun.reflect.misc.MethodUtil                                                     : 2952B

Classes loaded by more than one classloader:
Class Program                                                                         : loaded 4 times (x 68B)
Class com.google.common.base.Equivalence$Identity                                     : loaded 2 times (x 78B)
Class com.google.common.collect.RegularImmutableMap$KeySet                            : loaded 2 times (x 146B)
Class org.gradle.internal.classloader.FilteringClassLoader                            : loaded 2 times (x 101B)
Class [Lcom.google.common.base.AbstractIterator$State;                                : loaded 2 times (x 65B)
Class com.google.common.base.CharMatcher$IsEither                                     : loaded 2 times (x 107B)
Class org.gradle.internal.classloader.ClassLoaderHierarchy                            : loaded 2 times (x 66B)
Class com.google.common.collect.ImmutableEnumSet                                      : loaded 2 times (x 142B)
Class com.google.common.util.concurrent.ExecutionError                                : loaded 2 times (x 78B)
Class com.google.common.collect.ImmutableList$1                                       : loaded 2 times (x 93B)
Class org.gradle.api.internal.classpath.ManifestUtil                                  : loaded 2 times (x 67B)
Class com.google.common.collect.RegularImmutableMap                                   : loaded 2 times (x 117B)
Class com.google.common.collect.ImmutableMap$MapViewOfValuesAsSingletonSets           : loaded 2 times (x 121B)
Class [Lorg.objectweb.asm.Symbol;                                                     : loaded 2 times (x 65B)
Class org.objectweb.asm.ClassVisitor                                                  : loaded 2 times (x 83B)
Class com.google.common.collect.UnmodifiableListIterator                              : loaded 2 times (x 91B)
Class org.objectweb.asm.MethodTooLargeException                                       : loaded 2 times (x 79B)
Class com.google.common.base.Platform$JdkPatternCompiler                              : loaded 2 times (x 71B)
Class [Lcom.google.common.cache.CacheBuilder$OneWeigher;                              : loaded 2 times (x 65B)
Class com.google.common.base.Suppliers                                                : loaded 2 times (x 67B)
Class org.gradle.internal.classloader.DefaultClassLoaderFactory                       : loaded 2 times (x 78B)
Class com.google.common.base.CharMatcher$None                                         : loaded 2 times (x 108B)
Class org.gradle.internal.classloader.ClassLoaderVisitor                              : loaded 2 times (x 72B)
Class [Lcom.google.common.collect.ImmutableMapEntry;                                  : loaded 2 times (x 65B)
Class org.gradle.api.internal.classpath.EffectiveClassPath                            : loaded 2 times (x 86B)
Class com.google.common.collect.ImmutableEnumMap                                      : loaded 2 times (x 121B)
Class com.google.common.collect.ListMultimap                                          : loaded 2 times (x 66B)
Class com.google.common.collect.Sets$1                                                : loaded 2 times (x 135B)
Class org.objectweb.asm.AnnotationVisitor                                             : loaded 2 times (x 73B)
Class com.google.common.base.Splitter                                                 : loaded 2 times (x 68B)
Class org.gradle.api.internal.DefaultClassPathProvider                                : loaded 2 times (x 72B)
Class com.google.common.collect.Sets$2                                                : loaded 2 times (x 135B)
Class [Lorg.gradle.api.internal.ClassPathProvider;                                    : loaded 2 times (x 65B)
Class org.gradle.api.internal.ClassPathProvider                                       : loaded 2 times (x 66B)
Class [Lorg.objectweb.asm.AnnotationVisitor;                                          : loaded 2 times (x 65B)
Class com.google.common.collect.Sets$3                                                : loaded 2 times (x 135B)
Class com.google.common.util.concurrent.AbstractFuture$SafeAtomicHelper               : loaded 2 times (x 75B)
Class com.google.common.cache.LocalCache$LocalLoadingCache                            : loaded 2 times (x 130B)
Class com.google.common.base.AbstractIterator$State                                   : loaded 2 times (x 75B)
Class org.gradle.internal.service.UnknownServiceException                             : loaded 2 times (x 79B)
Class com.google.common.collect.Sets$4                                                : loaded 2 times (x 135B)
Class org.objectweb.asm.ModuleVisitor                                                 : loaded 2 times (x 76B)
Class com.google.common.cache.LocalCache$Strength$1                                   : loaded 2 times (x 77B)
Class com.google.common.util.concurrent.SettableFuture                                : loaded 2 times (x 110B)
Class com.google.common.cache.LocalCache$Strength$2                                   : loaded 2 times (x 77B)
Class com.google.common.cache.LocalCache$Strength$3                                   : loaded 2 times (x 77B)
Class com.google.common.collect.MapDifference                                         : loaded 2 times (x 66B)
Class com.google.common.base.Splitter$1                                               : loaded 2 times (x 73B)
Class org.objectweb.asm.FieldWriter                                                   : loaded 2 times (x 73B)
Class com.google.common.cache.CacheBuilder$NullListener                               : loaded 2 times (x 78B)
Class org.gradle.internal.classpath.TransformedClassPath                              : loaded 2 times (x 92B)
Class org.gradle.internal.classloader.InstrumentingClassLoader                        : loaded 2 times (x 66B)
Class com.google.common.cache.CacheLoader$FunctionToCacheLoader                       : loaded 2 times (x 71B)
Class com.google.common.collect.Iterators$ArrayItr                                    : loaded 2 times (x 93B)
Class com.google.common.collect.ImmutableCollection$Builder                           : loaded 2 times (x 72B)
Class com.google.common.base.Joiner                                                   : loaded 2 times (x 75B)
Class com.google.common.base.MoreObjects                                              : loaded 2 times (x 67B)
Class [Lorg.objectweb.asm.Type;                                                       : loaded 2 times (x 65B)
Class com.google.common.collect.Platform                                              : loaded 2 times (x 67B)
Class com.google.common.collect.UnmodifiableIterator                                  : loaded 2 times (x 76B)
Class org.gradle.internal.service.ServiceLocator                                      : loaded 2 times (x 66B)
Class com.google.common.base.Ascii                                                    : loaded 2 times (x 67B)
Class com.google.common.collect.SingletonImmutableBiMap                               : loaded 2 times (x 139B)
Class com.google.common.cache.LocalCache$1                                            : loaded 2 times (x 85B)
Class com.google.common.collect.AbstractMapEntry                                      : loaded 2 times (x 77B)
Class com.google.common.collect.Sets$ImprovedAbstractSet                              : loaded 2 times (x 131B)
Class com.google.common.collect.ImmutableList$Builder                                 : loaded 2 times (x 73B)
Class com.google.common.cache.LocalCache$2                                            : loaded 2 times (x 138B)
Class com.google.common.collect.AbstractMultimap                                      : loaded 2 times (x 119B)
Class com.google.common.util.concurrent.AbstractFuture$UnsafeAtomicHelper$1           : loaded 2 times (x 72B)
Class com.google.common.collect.RegularImmutableAsList                                : loaded 2 times (x 212B)
Class com.google.common.util.concurrent.AbstractFuture$Trusted                        : loaded 2 times (x 66B)
Class com.google.common.collect.Iterators                                             : loaded 2 times (x 67B)
Class com.google.common.base.CharMatcher$RangesMatcher                                : loaded 2 times (x 108B)
Class com.google.common.util.concurrent.UncheckedExecutionException                   : loaded 2 times (x 78B)
Class com.google.common.collect.Lists$StringAsImmutableList                           : loaded 2 times (x 203B)
Class com.google.common.base.CharMatcher$JavaLetterOrDigit                            : loaded 2 times (x 107B)
Class org.gradle.internal.InternalTransformer                                         : loaded 2 times (x 66B)
Class com.google.common.collect.AbstractMapBasedMultimap$KeySet$1                     : loaded 2 times (x 78B)
Class org.objectweb.asm.ClassWriter                                                   : loaded 2 times (x 100B)
Class com.google.common.cache.CacheLoader$UnsupportedLoadingOperationException        : loaded 2 times (x 78B)
Class com.google.common.base.CharMatcher$And                                          : loaded 2 times (x 108B)
Class org.gradle.internal.classloader.ClasspathUtil$1                                 : loaded 2 times (x 72B)
Class com.google.common.base.Objects                                                  : loaded 2 times (x 67B)
Class org.objectweb.asm.FieldVisitor                                                  : loaded 2 times (x 72B)
Class com.google.common.collect.IndexedImmutableSet                                   : loaded 2 times (x 146B)
Class com.google.common.collect.ImmutableMap$1                                        : loaded 2 times (x 77B)
Class com.google.common.collect.BiMap                                                 : loaded 2 times (x 66B)
Class org.gradle.api.internal.classpath.DefaultModuleRegistry$DefaultModule           : loaded 2 times (x 82B)
Class com.google.common.primitives.Ints                                               : loaded 2 times (x 67B)
Class com.google.common.collect.AbstractIterator                                      : loaded 2 times (x 78B)
Class com.google.common.math.MathPreconditions                                        : loaded 2 times (x 67B)
Class com.google.common.collect.Multiset                                              : loaded 2 times (x 66B)
Class com.google.common.collect.ArrayListMultimapGwtSerializationDependencies         : loaded 2 times (x 168B)
Class com.google.common.collect.ObjectArrays                                          : loaded 2 times (x 67B)
Class com.google.common.collect.AbstractIndexedListIterator                           : loaded 2 times (x 92B)
Class com.google.common.collect.ImmutableMapEntrySet                                  : loaded 2 times (x 147B)
Class org.gradle.api.internal.classpath.Module                                        : loaded 2 times (x 66B)
Class com.google.common.cache.Weigher                                                 : loaded 2 times (x 66B)
Class org.gradle.api.internal.classpath.UnknownModuleException                        : loaded 2 times (x 78B)
Class com.google.common.base.Stopwatch                                                : loaded 2 times (x 68B)
Class com.google.common.cache.LocalCache$Strength                                     : loaded 2 times (x 77B)
Class com.google.common.cache.Cache                                                   : loaded 2 times (x 66B)
Class com.google.common.util.concurrent.AbstractFuture$Cancellation                   : loaded 2 times (x 68B)
Class com.google.common.collect.ImmutableMap$Builder                                  : loaded 2 times (x 78B)
Class com.google.common.base.NullnessCasts                                            : loaded 2 times (x 67B)
Class com.google.common.cache.RemovalListener                                         : loaded 2 times (x 66B)
Class org.gradle.api.internal.DefaultClassPathRegistry                                : loaded 2 times (x 72B)
Class com.google.common.primitives.IntsMethodsForWeb                                  : loaded 2 times (x 67B)
Class com.google.common.collect.Multimap                                              : loaded 2 times (x 66B)
Class org.gradle.api.internal.ClassPathRegistry                                       : loaded 2 times (x 66B)
Class org.gradle.internal.classpath.DefaultClassPath$ImmutableUniqueList              : loaded 2 times (x 195B)
Class com.google.common.base.ExtraObjectsMethodsForWeb                                : loaded 2 times (x 67B)
Class com.google.common.cache.CacheBuilder                                            : loaded 2 times (x 68B)
Class com.google.common.collect.SingletonImmutableList                                : loaded 2 times (x 203B)
Class com.google.common.base.PairwiseEquivalence                                      : loaded 2 times (x 79B)
Class Settings_gradle$1                                                               : loaded 2 times (x 71B)
Class org.gradle.internal.classpath.ClassPath                                         : loaded 2 times (x 66B)
Class org.gradle.api.UncheckedIOException                                             : loaded 2 times (x 78B)
Class com.google.common.collect.ImmutableList$ReverseImmutableList                    : loaded 2 times (x 204B)
Class com.google.common.base.JdkPattern                                               : loaded 2 times (x 71B)
Class org.objectweb.asm.SymbolTable$Entry                                             : loaded 2 times (x 70B)
Class com.google.common.util.concurrent.AbstractFuture$AtomicHelper                   : loaded 2 times (x 74B)
Class org.objectweb.asm.Edge                                                          : loaded 2 times (x 68B)
Class com.google.common.base.Suppliers$SupplierOfInstance                             : loaded 2 times (x 75B)
Class com.google.common.collect.Iterators$1                                           : loaded 2 times (x 77B)
Class com.google.common.cache.LocalCache$ComputingValueReference                      : loaded 2 times (x 92B)
Class com.google.common.collect.SingletonImmutableSet                                 : loaded 2 times (x 142B)
Class com.google.common.collect.ImmutableMap$IteratorBasedImmutableMap                : loaded 2 times (x 121B)
Class com.google.common.cache.LocalCache$Segment                                      : loaded 2 times (x 150B)
Class [Lorg.objectweb.asm.SymbolTable$Entry;                                          : loaded 2 times (x 65B)
Class com.google.common.cache.CacheLoader                                             : loaded 2 times (x 70B)
Class com.google.common.collect.Iterators$4                                           : loaded 2 times (x 78B)
Class com.google.common.collect.ImmutableBiMap                                        : loaded 2 times (x 139B)
Class com.google.common.collect.AbstractListMultimap                                  : loaded 2 times (x 168B)
Class org.gradle.internal.installation.GradleInstallation$1                           : loaded 2 times (x 71B)
Class org.gradle.api.internal.classpath.ModuleRegistry                                : loaded 2 times (x 66B)
Class com.google.common.util.concurrent.internal.InternalFutureFailureAccess          : loaded 2 times (x 68B)
Class com.google.common.collect.Iterators$5                                           : loaded 2 times (x 78B)
Class com.google.common.collect.ImmutableSet$JdkBackedSetBuilderImpl                  : loaded 2 times (x 72B)
Class com.google.common.base.Splitter$SplittingIterator                               : loaded 2 times (x 80B)
Class com.google.common.util.concurrent.AbstractFuture$UnsafeAtomicHelper             : loaded 2 times (x 74B)
Class com.google.common.cache.LocalCache$LocalManualCache$1                           : loaded 2 times (x 71B)
Class com.google.common.base.CharMatcher$ForPredicate                                 : loaded 2 times (x 108B)
Class com.google.common.collect.ImmutableCollection                                   : loaded 2 times (x 121B)
Class com.google.common.base.CharMatcher$AnyOf                                        : loaded 2 times (x 108B)
Class org.gradle.api.internal.classpath.DefaultModuleRegistry                         : loaded 2 times (x 82B)
Class com.google.common.util.concurrent.ListenableFuture                              : loaded 2 times (x 66B)
Class com.google.common.cache.ReferenceEntry                                          : loaded 2 times (x 66B)
Class com.google.common.collect.ImmutableSet$CachingAsList                            : loaded 2 times (x 143B)
Class com.google.common.base.Converter                                                : loaded 2 times (x 86B)
Class com.google.common.collect.Lists                                                 : loaded 2 times (x 67B)
Class com.google.common.base.CharMatcher$Any                                          : loaded 2 times (x 108B)
Class com.google.common.util.concurrent.AbstractFuture                                : loaded 2 times (x 102B)
Class com.google.common.base.FunctionalEquivalence                                    : loaded 2 times (x 79B)
Class com.google.common.collect.Iterators$9                                           : loaded 2 times (x 77B)
Class com.google.common.collect.AbstractMapBasedMultimap                              : loaded 2 times (x 135B)
Class com.google.common.collect.ImmutableAsList                                       : loaded 2 times (x 205B)
Class org.objectweb.asm.RecordComponentVisitor                                        : loaded 2 times (x 73B)
Class com.google.common.cache.CacheLoader$SupplierToCacheLoader                       : loaded 2 times (x 71B)
Class com.google.common.collect.Maps$EntryTransformer                                 : loaded 2 times (x 66B)
Class org.gradle.internal.service.ServiceLookupException                              : loaded 2 times (x 78B)
Class [Lcom.google.common.cache.LocalCache$EntryFactory;                              : loaded 2 times (x 65B)
Class com.google.common.base.CharMatcher$JavaLetter                                   : loaded 2 times (x 107B)
Class org.gradle.internal.classloader.ClassLoaderFactory                              : loaded 2 times (x 66B)
Class com.google.common.cache.LocalCache$LocalManualCache                             : loaded 2 times (x 95B)
Class com.google.common.base.CharMatcher$IsNot                                        : loaded 2 times (x 107B)
Class com.google.common.base.CommonPattern                                            : loaded 2 times (x 70B)
Class org.gradle.internal.service.CachingServiceLocator                               : loaded 2 times (x 78B)
Class com.google.common.collect.AbstractMapBasedMultimap$KeySet                       : loaded 2 times (x 133B)
Class com.google.common.math.IntMath                                                  : loaded 2 times (x 67B)
Class com.google.common.collect.Iterators$10                                          : loaded 2 times (x 77B)
Class com.google.common.collect.ImmutableMapEntry                                     : loaded 2 times (x 81B)
Class com.google.common.base.CharMatcher$JavaDigit                                    : loaded 2 times (x 107B)
Class com.google.common.base.Equivalence                                              : loaded 2 times (x 78B)
Class com.google.common.collect.ImmutableMapEntry$NonTerminalImmutableMapEntry        : loaded 2 times (x 81B)
Class com.google.common.base.Function                                                 : loaded 2 times (x 66B)
Class com.google.common.cache.CacheBuilder$OneWeigher                                 : loaded 2 times (x 78B)
Class com.google.common.collect.RegularImmutableList                                  : loaded 2 times (x 208B)
Class com.google.common.collect.ImmutableBiMapFauxverideShim                          : loaded 2 times (x 116B)
Class org.gradle.internal.classloader.ClasspathUtil                                   : loaded 2 times (x 67B)
Class com.google.common.base.Charsets                                                 : loaded 2 times (x 67B)
Class com.google.common.util.concurrent.Uninterruptibles                              : loaded 2 times (x 67B)
Class com.google.common.collect.Maps                                                  : loaded 2 times (x 67B)
Class com.google.common.base.CharMatcher$JavaUpperCase                                : loaded 2 times (x 107B)
Class org.gradle.api.specs.Spec                                                       : loaded 2 times (x 66B)
Class [Lcom.google.common.collect.ImmutableEntry;                                     : loaded 2 times (x 65B)
Class com.google.common.cache.LocalCache$LoadingValueReference                        : loaded 2 times (x 92B)
Class com.google.common.base.Platform                                                 : loaded 2 times (x 67B)
Class Build_gradle$1                                                                  : loaded 2 times (x 70B)
Class [Lorg.objectweb.asm.AnnotationWriter;                                           : loaded 2 times (x 65B)
Class com.google.common.primitives.Ints$IntConverter                                  : loaded 2 times (x 86B)
Class com.google.common.collect.Maps$8                                                : loaded 2 times (x 78B)
Class com.google.common.collect.Sets$SetView                                          : loaded 2 times (x 134B)
Class com.google.common.cache.LocalCache$StrongValueReference                         : loaded 2 times (x 86B)
Class com.google.common.util.concurrent.AbstractFuture$SynchronizedHelper             : loaded 2 times (x 74B)
Class com.google.common.base.CharMatcher$Invisible                                    : loaded 2 times (x 108B)
Class org.objectweb.asm.Type                                                          : loaded 2 times (x 68B)
Class org.gradle.internal.classloader.VisitableURLClassLoader$InstrumentingVisitableURLClassLoader: loaded 2 times (x 119B)
Class org.objectweb.asm.ByteVector                                                    : loaded 2 times (x 74B)
Class [Lcom.google.common.cache.CacheBuilder$NullListener;                            : loaded 2 times (x 65B)
Class com.google.common.math.IntMath$1                                                : loaded 2 times (x 67B)
Class org.gradle.internal.classloader.VisitableURLClassLoader$Spec                    : loaded 2 times (x 70B)
Class org.gradle.internal.classpath.DefaultClassPath                                  : loaded 2 times (x 86B)
Class org.objectweb.asm.Symbol                                                        : loaded 2 times (x 69B)
Class com.google.common.base.AbstractIterator                                         : loaded 2 times (x 76B)
Class com.google.common.collect.RegularImmutableMap$Values                            : loaded 2 times (x 203B)
Class com.google.common.collect.ImmutableSet                                          : loaded 2 times (x 141B)
Class com.google.common.base.CharMatcher$BitSetMatcher                                : loaded 2 times (x 108B)
Class com.google.common.base.CharMatcher$Ascii                                        : loaded 2 times (x 108B)
Class org.gradle.internal.classloader.ClassLoaderSpec                                 : loaded 2 times (x 67B)
Class build_cpwjxc4xnc8ptvu1pvbvkd8l6                                                 : loaded 2 times (x 176B)
Class org.objectweb.asm.AnnotationWriter                                              : loaded 2 times (x 74B)
Class com.google.common.cache.CacheStats                                              : loaded 2 times (x 67B)
Class org.objectweb.asm.RecordComponentWriter                                         : loaded 2 times (x 74B)
Class com.google.common.util.concurrent.AbstractFuture$Listener                       : loaded 2 times (x 68B)
Class com.google.common.base.CharMatcher$Or                                           : loaded 2 times (x 108B)
Class Settings_gradle$1$1                                                             : loaded 2 times (x 71B)
Class org.objectweb.asm.Attribute                                                     : loaded 2 times (x 73B)
Class com.google.common.base.Supplier                                                 : loaded 2 times (x 66B)
Class org.gradle.internal.classloader.VisitableURLClassLoader                         : loaded 2 times (x 113B)
Class com.google.common.util.concurrent.AbstractFuture$Waiter                         : loaded 2 times (x 68B)
Class Settings_gradle                                                                 : loaded 2 times (x 124B)
Class org.gradle.internal.Cast                                                        : loaded 2 times (x 67B)
Class org.gradle.api.Action                                                           : loaded 2 times (x 66B)
Class com.google.common.collect.Sets                                                  : loaded 2 times (x 67B)
Class org.objectweb.asm.Handler                                                       : loaded 2 times (x 68B)
Class com.google.common.base.Strings                                                  : loaded 2 times (x 67B)
Class com.google.common.base.Ticker                                                   : loaded 2 times (x 68B)
Class com.google.common.base.CharMatcher$FastMatcher                                  : loaded 2 times (x 107B)
Class [Lcom.google.common.cache.LocalCache$Segment;                                   : loaded 2 times (x 65B)
Class [Lcom.google.common.cache.LocalCache$Strength;                                  : loaded 2 times (x 65B)
Class com.google.common.cache.CacheBuilder$1                                          : loaded 2 times (x 81B)
Class com.google.common.collect.ImmutableMap                                          : loaded 2 times (x 116B)
Class com.google.common.base.Predicate                                                : loaded 2 times (x 66B)
Class org.gradle.internal.classpath.DefaultClassPath$ImmutableUniqueList$Builder      : loaded 2 times (x 71B)
Class com.google.common.cache.LocalCache                                              : loaded 2 times (x 183B)
Class com.google.common.cache.CacheBuilder$2                                          : loaded 2 times (x 75B)
Class com.google.common.base.CharMatcher$NegatedFastMatcher                           : loaded 2 times (x 109B)
Class com.google.common.cache.CacheBuilder$3                                          : loaded 2 times (x 68B)
Class [Lcom.google.common.collect.AbstractMapEntry;                                   : loaded 2 times (x 65B)
Class com.google.common.collect.ImmutableEntry                                        : loaded 2 times (x 78B)
Class com.google.common.collect.ArrayListMultimap                                     : loaded 2 times (x 168B)
Class com.google.common.base.AbstractIterator$1                                       : loaded 2 times (x 67B)
Class com.google.common.base.CharMatcher$Digit                                        : loaded 2 times (x 108B)
Class org.gradle.api.GradleException                                                  : loaded 2 times (x 78B)
Class com.google.common.collect.CollectPreconditions                                  : loaded 2 times (x 67B)
Class com.google.common.base.CharMatcher$JavaIsoControl                               : loaded 2 times (x 108B)
Class com.google.common.collect.SortedMapDifference                                   : loaded 2 times (x 66B)
Class com.google.common.base.CharMatcher$JavaLowerCase                                : loaded 2 times (x 107B)
Class com.google.common.cache.LocalCache$EntryFactory                                 : loaded 2 times (x 79B)
Class Build_gradle$1$1                                                                : loaded 2 times (x 75B)
Class com.google.common.cache.LocalCache$AbstractReferenceEntry                       : loaded 2 times (x 103B)
Class com.google.common.base.Splitter$1$1                                             : loaded 2 times (x 82B)
Class com.google.common.base.CharMatcher$Whitespace                                   : loaded 2 times (x 108B)
Class org.gradle.internal.IoActions                                                   : loaded 2 times (x 67B)
Class org.objectweb.asm.SymbolTable                                                   : loaded 2 times (x 68B)
Class com.google.common.cache.CacheLoader$InvalidCacheLoadException                   : loaded 2 times (x 78B)
Class com.google.common.collect.ImmutableSet$RegularSetBuilderImpl                    : loaded 2 times (x 73B)
Class com.google.common.base.CharMatcher$SingleWidth                                  : loaded 2 times (x 108B)
Class org.gradle.internal.classloader.SystemClassLoaderSpec                           : loaded 2 times (x 67B)
Class com.google.common.cache.LocalCache$StrongEntry                                  : loaded 2 times (x 104B)
Class com.google.common.util.concurrent.AbstractFuture$TrustedFuture                  : loaded 2 times (x 110B)
Class com.google.common.cache.LoadingCache                                            : loaded 2 times (x 66B)
Class org.objectweb.asm.MethodWriter                                                  : loaded 2 times (x 101B)
Class [Lcom.google.common.cache.Weigher;                                              : loaded 2 times (x 65B)
Class com.google.common.collect.RegularImmutableMap$BucketOverflowException           : loaded 2 times (x 78B)
Class Build_gradle$1$1$1                                                              : loaded 2 times (x 71B)
Class com.google.common.collect.RegularImmutableBiMap                                 : loaded 2 times (x 144B)
Class com.google.common.cache.LocalCache$ValueReference                               : loaded 2 times (x 66B)
Class com.google.common.base.CharMatcher$Negated                                      : loaded 2 times (x 109B)
Class com.google.common.base.CharMatcher$Is                                           : loaded 2 times (x 107B)
Class com.google.common.util.concurrent.AbstractFuture$Failure                        : loaded 2 times (x 68B)
Class com.google.common.base.PatternCompiler                                          : loaded 2 times (x 66B)
Class com.google.common.base.Equivalence$Equals                                       : loaded 2 times (x 78B)
Class com.google.common.collect.Hashing                                               : loaded 2 times (x 67B)
Class com.google.common.base.Preconditions                                            : loaded 2 times (x 67B)
Class com.google.common.base.Joiner$1                                                 : loaded 2 times (x 76B)
Class org.objectweb.asm.Label                                                         : loaded 2 times (x 69B)
Class org.objectweb.asm.CurrentFrame                                                  : loaded 2 times (x 69B)
Class org.objectweb.asm.ClassTooLargeException                                        : loaded 2 times (x 79B)
Class com.google.common.collect.PeekingIterator                                       : loaded 2 times (x 66B)
Class com.google.common.base.CharMatcher                                              : loaded 2 times (x 107B)
Class com.google.common.base.Joiner$2                                                 : loaded 2 times (x 75B)
Class org.objectweb.asm.Frame                                                         : loaded 2 times (x 69B)
Class org.objectweb.asm.MethodVisitor                                                 : loaded 2 times (x 100B)
Class com.google.common.cache.LocalCache$EntryFactory$1                               : loaded 2 times (x 79B)
Class [Lcom.google.common.cache.RemovalListener;                                      : loaded 2 times (x 65B)
Class com.google.common.base.CharMatcher$1                                            : loaded 2 times (x 109B)
Class com.google.common.base.CharMatcher$NamedFastMatcher                             : loaded 2 times (x 108B)
Class com.google.common.cache.LocalCache$EntryFactory$2                               : loaded 2 times (x 79B)
Class org.gradle.api.internal.classpath.GlobalCacheRootsProvider                      : loaded 2 times (x 66B)
Class org.objectweb.asm.ModuleWriter                                                  : loaded 2 times (x 77B)
Class com.google.common.cache.LocalCache$EntryFactory$3                               : loaded 2 times (x 79B)
Class com.google.common.base.Ticker$1                                                 : loaded 2 times (x 68B)
Class com.google.common.collect.ImmutableMapEntrySet$RegularEntrySet                  : loaded 2 times (x 147B)
Class com.google.common.collect.Maps$BiMapConverter                                   : loaded 2 times (x 86B)
Class com.google.common.cache.LocalCache$EntryFactory$4                               : loaded 2 times (x 79B)
Class com.google.common.collect.ImmutableSet$Builder                                  : loaded 2 times (x 81B)
Class com.google.common.base.CharMatcher$InRange                                      : loaded 2 times (x 107B)
Class com.google.common.cache.LocalCache$EntryFactory$5                               : loaded 2 times (x 79B)
Class com.google.common.cache.LocalCache$EntryFactory$6                               : loaded 2 times (x 79B)
Class Build_gradle                                                                    : loaded 2 times (x 126B)
Class org.gradle.internal.installation.CurrentGradleInstallationLocator               : loaded 2 times (x 67B)
Class build_cpwjxc4xnc8ptvu1pvbvkd8l6$_run_closure1                                   : loaded 2 times (x 135B)
Class com.google.common.collect.Maps$KeySet                                           : loaded 2 times (x 133B)
Class com.google.common.cache.LocalCache$EntryFactory$7                               : loaded 2 times (x 79B)
Class com.google.common.collect.ImmutableSet$EmptySetBuilderImpl                      : loaded 2 times (x 72B)
Class com.google.common.collect.ImmutableList                                         : loaded 2 times (x 202B)
Class org.gradle.internal.service.DefaultServiceLocator                               : loaded 2 times (x 79B)
Class com.google.common.cache.LocalCache$EntryFactory$8                               : loaded 2 times (x 79B)
Class com.google.common.collect.ImmutableSet$SetBuilderImpl                           : loaded 2 times (x 72B)
Class org.gradle.internal.installation.CurrentGradleInstallation                      : loaded 2 times (x 69B)
Class com.google.common.cache.CacheLoader$1                                           : loaded 2 times (x 71B)
Class com.google.common.collect.ImmutableList$SubList                                 : loaded 2 times (x 204B)
Class org.gradle.util.internal.GUtil                                                  : loaded 2 times (x 67B)
Class com.google.common.util.concurrent.AbstractFuture$SetFuture                      : loaded 2 times (x 71B)
Class com.google.common.cache.AbstractCache$StatsCounter                              : loaded 2 times (x 66B)
Class com.google.common.collect.Iterators$MergingIterator                             : loaded 2 times (x 77B)
Class com.google.common.collect.RegularImmutableSet                                   : loaded 2 times (x 144B)
Class org.gradle.internal.installation.GradleInstallation                             : loaded 2 times (x 71B)
Class com.google.common.collect.Iterables                                             : loaded 2 times (x 67B)
Class com.google.common.base.Splitter$Strategy                                        : loaded 2 times (x 66B)

---------------  S Y S T E M  ---------------

OS:
 Windows 11 , 64 bit Build 26100 (10.0.26100.3775)
OS uptime: 1 days 5:05 hours
Hyper-V role detected

CPU: total 12 (initial active 12) (12 cores per cpu, 2 threads per core) family 25 model 68 stepping 1 microcode 0xa404107, cx8, cmov, fxsr, ht, mmx, 3dnowpref, sse, sse2, sse3, ssse3, sse4a, sse4.1, sse4.2, popcnt, lzcnt, tsc, tscinvbit, avx, avx2, aes, erms, clmul, bmi1, bmi2, adx, sha, fma, vzeroupper, clflush, clflushopt, hv, rdtscp, rdpid, fsrm, f16c, cet_ss
Processor Information for processor 0
  Max Mhz: 3301, Current Mhz: 2635, Mhz Limit: 3301
Processor Information for processor 1
  Max Mhz: 3301, Current Mhz: 2635, Mhz Limit: 3301
Processor Information for processor 2
  Max Mhz: 3301, Current Mhz: 2635, Mhz Limit: 3301
Processor Information for processor 3
  Max Mhz: 3301, Current Mhz: 3301, Mhz Limit: 3301
Processor Information for processor 4
  Max Mhz: 3301, Current Mhz: 2635, Mhz Limit: 3301
Processor Information for processor 5
  Max Mhz: 3301, Current Mhz: 2635, Mhz Limit: 3301
Processor Information for processor 6
  Max Mhz: 3301, Current Mhz: 2635, Mhz Limit: 3301
Processor Information for processor 7
  Max Mhz: 3301, Current Mhz: 3301, Mhz Limit: 3301
Processor Information for processor 8
  Max Mhz: 3301, Current Mhz: 2635, Mhz Limit: 3301
Processor Information for processor 9
  Max Mhz: 3301, Current Mhz: 2635, Mhz Limit: 3301
Processor Information for processor 10
  Max Mhz: 3301, Current Mhz: 2635, Mhz Limit: 3301
Processor Information for processor 11
  Max Mhz: 3301, Current Mhz: 3301, Mhz Limit: 3301

Memory: 4k page, system-wide physical 7381M (509M free)
TotalPageFile size 29909M (AvailPageFile size 9M)
current process WorkingSet (physical memory assigned to process): 410M, peak: 410M
current process commit charge ("private bytes"): 511M, peak: 512M

vm_info: OpenJDK 64-Bit Server VM (21.0.5+-12932927-b750.29) for windows-amd64 JRE (21.0.5+-12932927-b750.29), built on 2025-01-17T02:01:10Z by "builder" with MS VC++ 16.10 / 16.11 (VS2019)

END.
